--
-- PostgreSQL database dump
--

-- Dumped from database version 13.3
-- Dumped by pg_dump version 13.3

-- Started on 2022-03-04 21:06:22

SET statement_timeout = 0;
SET lock_timeout = 0;
SET idle_in_transaction_session_timeout = 0;
SET client_encoding = 'UTF8';
SET standard_conforming_strings = on;
SELECT pg_catalog.set_config('search_path', '', false);
SET check_function_bodies = false;
SET xmloption = content;
SET client_min_messages = warning;
SET row_security = off;

--
-- TOC entry 2 (class 3079 OID 26212)
-- Name: postgis; Type: EXTENSION; Schema: -; Owner: -
--

CREATE EXTENSION IF NOT EXISTS postgis WITH SCHEMA public;


--
-- TOC entry 3957 (class 0 OID 0)
-- Dependencies: 2
-- Name: EXTENSION postgis; Type: COMMENT; Schema: -; Owner: 
--

COMMENT ON EXTENSION postgis IS 'PostGIS geometry and geography spatial types and functions';


SET default_tablespace = '';

SET default_table_access_method = heap;

--
-- TOC entry 219 (class 1259 OID 27290)
-- Name: events; Type: TABLE; Schema: public; Owner: postgres
--

CREATE TABLE public.events (
    id integer NOT NULL,
    day integer,
    stage_id integer NOT NULL,
    performer_id integer NOT NULL
);


ALTER TABLE public.events OWNER TO postgres;

--
-- TOC entry 218 (class 1259 OID 27288)
-- Name: events_id_seq; Type: SEQUENCE; Schema: public; Owner: postgres
--

CREATE SEQUENCE public.events_id_seq
    AS integer
    START WITH 1
    INCREMENT BY 1
    NO MINVALUE
    NO MAXVALUE
    CACHE 1;


ALTER TABLE public.events_id_seq OWNER TO postgres;

--
-- TOC entry 3958 (class 0 OID 0)
-- Dependencies: 218
-- Name: events_id_seq; Type: SEQUENCE OWNED BY; Schema: public; Owner: postgres
--

ALTER SEQUENCE public.events_id_seq OWNED BY public.events.id;


--
-- TOC entry 207 (class 1259 OID 27229)
-- Name: festival_area; Type: TABLE; Schema: public; Owner: postgres
--

CREATE TABLE public.festival_area (
    id integer NOT NULL,
    geom public.geometry(MultiPolygon,4326)
);


ALTER TABLE public.festival_area OWNER TO postgres;

--
-- TOC entry 206 (class 1259 OID 27227)
-- Name: festival_area_id_seq; Type: SEQUENCE; Schema: public; Owner: postgres
--

CREATE SEQUENCE public.festival_area_id_seq
    AS integer
    START WITH 1
    INCREMENT BY 1
    NO MINVALUE
    NO MAXVALUE
    CACHE 1;


ALTER TABLE public.festival_area_id_seq OWNER TO postgres;

--
-- TOC entry 3959 (class 0 OID 0)
-- Dependencies: 206
-- Name: festival_area_id_seq; Type: SEQUENCE OWNED BY; Schema: public; Owner: postgres
--

ALTER SEQUENCE public.festival_area_id_seq OWNED BY public.festival_area.id;


--
-- TOC entry 211 (class 1259 OID 27251)
-- Name: food_areas; Type: TABLE; Schema: public; Owner: postgres
--

CREATE TABLE public.food_areas (
    id integer NOT NULL,
    avg_count integer,
    cur_count integer,
    busy_label character varying(15),
    geom public.geometry(MultiPolygon,4326)
);


ALTER TABLE public.food_areas OWNER TO postgres;

--
-- TOC entry 210 (class 1259 OID 27249)
-- Name: food_areas_id_seq; Type: SEQUENCE; Schema: public; Owner: postgres
--

CREATE SEQUENCE public.food_areas_id_seq
    AS integer
    START WITH 1
    INCREMENT BY 1
    NO MINVALUE
    NO MAXVALUE
    CACHE 1;


ALTER TABLE public.food_areas_id_seq OWNER TO postgres;

--
-- TOC entry 3960 (class 0 OID 0)
-- Dependencies: 210
-- Name: food_areas_id_seq; Type: SEQUENCE OWNED BY; Schema: public; Owner: postgres
--

ALTER SEQUENCE public.food_areas_id_seq OWNED BY public.food_areas.id;


--
-- TOC entry 209 (class 1259 OID 27240)
-- Name: food_stalls; Type: TABLE; Schema: public; Owner: postgres
--

CREATE TABLE public.food_stalls (
    id integer NOT NULL,
    name character varying(30) NOT NULL,
    geom public.geometry(MultiPolygon,4326),
    cur_staff integer NOT NULL,
    max_staff integer NOT NULL
);


ALTER TABLE public.food_stalls OWNER TO postgres;

--
-- TOC entry 208 (class 1259 OID 27238)
-- Name: food_stalls_id_seq; Type: SEQUENCE; Schema: public; Owner: postgres
--

CREATE SEQUENCE public.food_stalls_id_seq
    AS integer
    START WITH 1
    INCREMENT BY 1
    NO MINVALUE
    NO MAXVALUE
    CACHE 1;


ALTER TABLE public.food_stalls_id_seq OWNER TO postgres;

--
-- TOC entry 3961 (class 0 OID 0)
-- Dependencies: 208
-- Name: food_stalls_id_seq; Type: SEQUENCE OWNED BY; Schema: public; Owner: postgres
--

ALTER SEQUENCE public.food_stalls_id_seq OWNED BY public.food_stalls.id;


--
-- TOC entry 215 (class 1259 OID 27271)
-- Name: performers; Type: TABLE; Schema: public; Owner: postgres
--

CREATE TABLE public.performers (
    id integer NOT NULL,
    name character varying(30),
    genre character varying(20)
);


ALTER TABLE public.performers OWNER TO postgres;

--
-- TOC entry 214 (class 1259 OID 27269)
-- Name: performers_id_seq; Type: SEQUENCE; Schema: public; Owner: postgres
--

CREATE SEQUENCE public.performers_id_seq
    AS integer
    START WITH 1
    INCREMENT BY 1
    NO MINVALUE
    NO MAXVALUE
    CACHE 1;


ALTER TABLE public.performers_id_seq OWNER TO postgres;

--
-- TOC entry 3962 (class 0 OID 0)
-- Dependencies: 214
-- Name: performers_id_seq; Type: SEQUENCE OWNED BY; Schema: public; Owner: postgres
--

ALTER SEQUENCE public.performers_id_seq OWNED BY public.performers.id;


--
-- TOC entry 217 (class 1259 OID 27279)
-- Name: stages; Type: TABLE; Schema: public; Owner: postgres
--

CREATE TABLE public.stages (
    id integer NOT NULL,
    stage_name character varying(20),
    cur_staff integer,
    max_staff integer,
    geom public.geometry(Point,4326)
);


ALTER TABLE public.stages OWNER TO postgres;

--
-- TOC entry 216 (class 1259 OID 27277)
-- Name: stages_id_seq; Type: SEQUENCE; Schema: public; Owner: postgres
--

CREATE SEQUENCE public.stages_id_seq
    AS integer
    START WITH 1
    INCREMENT BY 1
    NO MINVALUE
    NO MAXVALUE
    CACHE 1;


ALTER TABLE public.stages_id_seq OWNER TO postgres;

--
-- TOC entry 3963 (class 0 OID 0)
-- Dependencies: 216
-- Name: stages_id_seq; Type: SEQUENCE OWNED BY; Schema: public; Owner: postgres
--

ALTER SEQUENCE public.stages_id_seq OWNED BY public.stages.id;


--
-- TOC entry 221 (class 1259 OID 27308)
-- Name: tent_zones; Type: TABLE; Schema: public; Owner: postgres
--

CREATE TABLE public.tent_zones (
    id integer NOT NULL,
    capacity integer,
    geom public.geometry(MultiPolygon,4326)
);


ALTER TABLE public.tent_zones OWNER TO postgres;

--
-- TOC entry 220 (class 1259 OID 27306)
-- Name: tent_zones_id_seq; Type: SEQUENCE; Schema: public; Owner: postgres
--

CREATE SEQUENCE public.tent_zones_id_seq
    AS integer
    START WITH 1
    INCREMENT BY 1
    NO MINVALUE
    NO MAXVALUE
    CACHE 1;


ALTER TABLE public.tent_zones_id_seq OWNER TO postgres;

--
-- TOC entry 3964 (class 0 OID 0)
-- Dependencies: 220
-- Name: tent_zones_id_seq; Type: SEQUENCE OWNED BY; Schema: public; Owner: postgres
--

ALTER SEQUENCE public.tent_zones_id_seq OWNED BY public.tent_zones.id;


--
-- TOC entry 223 (class 1259 OID 27319)
-- Name: tents; Type: TABLE; Schema: public; Owner: postgres
--

CREATE TABLE public.tents (
    id integer NOT NULL,
    geom public.geometry(Point,4326)
);


ALTER TABLE public.tents OWNER TO postgres;

--
-- TOC entry 222 (class 1259 OID 27317)
-- Name: tents_id_seq; Type: SEQUENCE; Schema: public; Owner: postgres
--

CREATE SEQUENCE public.tents_id_seq
    AS integer
    START WITH 1
    INCREMENT BY 1
    NO MINVALUE
    NO MAXVALUE
    CACHE 1;


ALTER TABLE public.tents_id_seq OWNER TO postgres;

--
-- TOC entry 3965 (class 0 OID 0)
-- Dependencies: 222
-- Name: tents_id_seq; Type: SEQUENCE OWNED BY; Schema: public; Owner: postgres
--

ALTER SEQUENCE public.tents_id_seq OWNED BY public.tents.id;


--
-- TOC entry 213 (class 1259 OID 27262)
-- Name: user_location; Type: TABLE; Schema: public; Owner: postgres
--

CREATE TABLE public.user_location (
    id integer NOT NULL,
    geom public.geometry(Point,4326)
);


ALTER TABLE public.user_location OWNER TO postgres;

--
-- TOC entry 212 (class 1259 OID 27260)
-- Name: user_location_id_seq; Type: SEQUENCE; Schema: public; Owner: postgres
--

CREATE SEQUENCE public.user_location_id_seq
    AS integer
    START WITH 1
    INCREMENT BY 1
    NO MINVALUE
    NO MAXVALUE
    CACHE 1;


ALTER TABLE public.user_location_id_seq OWNER TO postgres;

--
-- TOC entry 3966 (class 0 OID 0)
-- Dependencies: 212
-- Name: user_location_id_seq; Type: SEQUENCE OWNED BY; Schema: public; Owner: postgres
--

ALTER SEQUENCE public.user_location_id_seq OWNED BY public.user_location.id;


--
-- TOC entry 3776 (class 2604 OID 27293)
-- Name: events id; Type: DEFAULT; Schema: public; Owner: postgres
--

ALTER TABLE ONLY public.events ALTER COLUMN id SET DEFAULT nextval('public.events_id_seq'::regclass);


--
-- TOC entry 3770 (class 2604 OID 27232)
-- Name: festival_area id; Type: DEFAULT; Schema: public; Owner: postgres
--

ALTER TABLE ONLY public.festival_area ALTER COLUMN id SET DEFAULT nextval('public.festival_area_id_seq'::regclass);


--
-- TOC entry 3772 (class 2604 OID 27254)
-- Name: food_areas id; Type: DEFAULT; Schema: public; Owner: postgres
--

ALTER TABLE ONLY public.food_areas ALTER COLUMN id SET DEFAULT nextval('public.food_areas_id_seq'::regclass);


--
-- TOC entry 3771 (class 2604 OID 27243)
-- Name: food_stalls id; Type: DEFAULT; Schema: public; Owner: postgres
--

ALTER TABLE ONLY public.food_stalls ALTER COLUMN id SET DEFAULT nextval('public.food_stalls_id_seq'::regclass);


--
-- TOC entry 3774 (class 2604 OID 27274)
-- Name: performers id; Type: DEFAULT; Schema: public; Owner: postgres
--

ALTER TABLE ONLY public.performers ALTER COLUMN id SET DEFAULT nextval('public.performers_id_seq'::regclass);


--
-- TOC entry 3775 (class 2604 OID 27282)
-- Name: stages id; Type: DEFAULT; Schema: public; Owner: postgres
--

ALTER TABLE ONLY public.stages ALTER COLUMN id SET DEFAULT nextval('public.stages_id_seq'::regclass);


--
-- TOC entry 3777 (class 2604 OID 27311)
-- Name: tent_zones id; Type: DEFAULT; Schema: public; Owner: postgres
--

ALTER TABLE ONLY public.tent_zones ALTER COLUMN id SET DEFAULT nextval('public.tent_zones_id_seq'::regclass);


--
-- TOC entry 3778 (class 2604 OID 27322)
-- Name: tents id; Type: DEFAULT; Schema: public; Owner: postgres
--

ALTER TABLE ONLY public.tents ALTER COLUMN id SET DEFAULT nextval('public.tents_id_seq'::regclass);


--
-- TOC entry 3773 (class 2604 OID 27265)
-- Name: user_location id; Type: DEFAULT; Schema: public; Owner: postgres
--

ALTER TABLE ONLY public.user_location ALTER COLUMN id SET DEFAULT nextval('public.user_location_id_seq'::regclass);


--
-- TOC entry 3947 (class 0 OID 27290)
-- Dependencies: 219
-- Data for Name: events; Type: TABLE DATA; Schema: public; Owner: postgres
--

INSERT INTO public.events VALUES (1, 1, 1, 1);
INSERT INTO public.events VALUES (2, 1, 2, 9);
INSERT INTO public.events VALUES (3, 1, 3, 6);
INSERT INTO public.events VALUES (4, 1, 5, 2);
INSERT INTO public.events VALUES (5, 2, 4, 8);
INSERT INTO public.events VALUES (6, 2, 3, 7);
INSERT INTO public.events VALUES (7, 2, 2, 10);
INSERT INTO public.events VALUES (8, 2, 5, 14);
INSERT INTO public.events VALUES (9, 3, 4, 4);
INSERT INTO public.events VALUES (10, 3, 5, 15);
INSERT INTO public.events VALUES (11, 3, 1, 13);
INSERT INTO public.events VALUES (12, 3, 3, 5);
INSERT INTO public.events VALUES (13, 4, 2, 12);
INSERT INTO public.events VALUES (14, 4, 4, 3);
INSERT INTO public.events VALUES (15, 4, 3, 16);
INSERT INTO public.events VALUES (16, 4, 1, 11);


--
-- TOC entry 3935 (class 0 OID 27229)
-- Dependencies: 207
-- Data for Name: festival_area; Type: TABLE DATA; Schema: public; Owner: postgres
--

INSERT INTO public.festival_area VALUES (1, '0106000020E6100000010000000103000000010000000D0000005269D98F42AB374002A42FD1CABF4140FDF53BC1A2AF3740382572C509C04140C4EDF36DBFAF3740D1B63536D8BF414097622AAF19B0374039522074AFBF4140431C601C42B037404415151D32BF414036377D924AB03740174425FD0CBF414097C0009E04AE37407FB0AD2A9ABE41400F7AE482EBAC3740FF20F4A893BE41406F3C610C6AAB37409794D580C3BE4140ED346A0A3BAB3740C74B4FED09BF414006FF2F1E2AAB3740F947122D54BF41405269D98F42AB374002A42FD1CABF41405269D98F42AB374002A42FD1CABF4140');


--
-- TOC entry 3939 (class 0 OID 27251)
-- Dependencies: 211
-- Data for Name: food_areas; Type: TABLE DATA; Schema: public; Owner: postgres
--

INSERT INTO public.food_areas VALUES (1, 46, 50, 'average', '0106000020E610000001000000010300000001000000050000000B01A714C7AC37409FDF9CB66BBF4140FDA92B7ED7AC3740DCB993FC46BF4140BB88C6457BAC374003CD29F93FBF41409628392F67AC3740CE4B49FF60BF41400B01A714C7AC37409FDF9CB66BBF4140');
INSERT INTO public.food_areas VALUES (2, 46, 33, 'low', '0106000020E6100000010000000103000000010000000500000076585D5EEBAE37401747A30A98BF4140D2623ABE07AF37404FDDC79771BF41408E36B7D7BCAE37409F4E81E56BBF4140816A30CBA6AE37405CBB619986BF414076585D5EEBAE37401747A30A98BF4140');
INSERT INTO public.food_areas VALUES (3, 46, 55, 'high', '0106000020E6100000010000000103000000010000000600000046AC49E0A4AC3740BDEB012DBCBF414063ACA19AB3AC3740ED62FD139ABF41406527938575AC37409CE1E56D95BF414006039D8346AC37406C19DB3196BF414014F559D041AC37400C172443AFBF414046AC49E0A4AC3740BDEB012DBCBF4140');
INSERT INTO public.food_areas VALUES (4, 46, 40, 'low', '0106000020E61000000100000001030000000100000005000000A05B22F68DAB374067AEBAABAABF4140F85C7DA78FAB374078CBDD0096BF4140EA2AB4DE35AB3740B74E541D8FBF414012A04BDD3AAB37409FA8AE74A5BF4140A05B22F68DAB374067AEBAABAABF4140');
INSERT INTO public.food_areas VALUES (5, 46, 52, 'high', '0106000020E610000001000000010300000001000000050000004AEA4650E3AD374030AC4D29D0BF41406871295BE2AD37407161D507AFBF4140B15472A9A5AD3740A936F6F4AABF4140DEF4BA877CAD3740C8BC44ABC9BF41404AEA4650E3AD374030AC4D29D0BF4140');
INSERT INTO public.food_areas VALUES (6, 20, 25, 'average', '0106000020E61000000100000001030000000100000006000000F2214D614AAF3740A84E0F23E7BF4140F88DAF3DB3AF37402DBE1547EDBF41408092E96DBFAF37408B743736D8BF414069096CADB3AF374082CB9D78D2BF41400E0C28ED70AF3740C5B3DB99CFBF4140F2214D614AAF3740A84E0F23E7BF4140');
INSERT INTO public.food_areas VALUES (7, 35, 10, 'low', '0106000020E610000001000000010300000001000000050000007961A5617CAB37407AF00325BFBF4140A05B22F68DAB374067AEBAABAABF414012A04BDD3AAB37409FA8AE74A5BF414026EC70AE40AB37404A28F9E8BFBF41407961A5617CAB37407AF00325BFBF4140');
INSERT INTO public.food_areas VALUES (8, 46, 18, 'low', '0106000020E61000000100000001030000000100000005000000528A2D6FD4AD37401A460745EFBF41404AEA4650E3AD374030AC4D29D0BF4140DEF4BA877CAD3740C8BC44ABC9BF41406BC8AACE8BAD3740ABB3D627EBBF4140528A2D6FD4AD37401A460745EFBF4140');
INSERT INTO public.food_areas VALUES (9, 20, 20, 'average', '0106000020E61000000100000001030000000100000005000000F88DAF3DB3AF37402DBE1547EDBF4140F2214D614AAF3740A84E0F23E7BF41402025977B58AF3740DBBEEC4303C04140E29435C1A2AF3740B49F7BC509C04140F88DAF3DB3AF37402DBE1547EDBF4140');
INSERT INTO public.food_areas VALUES (10, 46, 50, 'average', '0106000020E610000001000000010300000001000000060000001A3A1326CEAB37408D58B4CE32BF41405022BA4EC0AB3740965D51C64FBF41408495129BF2AB374085C3DA3158BF41401F7BC56C2CAC37402E80008455BF4140D0A0990E3AAC37402942874C3BBF41401A3A1326CEAB37408D58B4CE32BF4140');
INSERT INTO public.food_areas VALUES (11, 35, 42, 'high', '0106000020E61000000100000001030000000100000005000000FDA92B7ED7AC3740DCB993FC46BF41400B01A714C7AC37409FDF9CB66BBF4140BFB8339744AD37405F00C8A668BF4140BE8B94B93BAD3740495FEF9B4EBF4140FDA92B7ED7AC3740DCB993FC46BF4140');
INSERT INTO public.food_areas VALUES (12, 46, 65, 'high', '0106000020E6100000010000000103000000010000000600000063ACA19AB3AC3740ED62FD139ABF414046AC49E0A4AC3740BDEB012DBCBF414056E3D7D505AD37407AF00325BFBF41405935843A17AD37404B9A9A5FA8BF414027D1DC54EEAC3740A9EF46309FBF414063ACA19AB3AC3740ED62FD139ABF4140');
INSERT INTO public.food_areas VALUES (13, 60, 45, 'low', '0106000020E610000001000000010300000001000000050000006871295BE2AD37407161D507AFBF41404AEA4650E3AD374030AC4D29D0BF4140EE9836F316AE37404CAA1155D3BF414010D3197332AE374039D6C56DB4BF41406871295BE2AD37407161D507AFBF4140');
INSERT INTO public.food_areas VALUES (14, 35, 28, 'low', '0106000020E61000000100000001030000000100000005000000D2623ABE07AF37404FDDC79771BF414076585D5EEBAE37401747A30A98BF4140E1112E473CAF3740F6187AFE93BF4140BAEF208F43AF3740648B492476BF4140D2623ABE07AF37404FDDC79771BF4140');
INSERT INTO public.food_areas VALUES (15, 35, 60, 'high', '0106000020E61000000100000001030000000100000005000000CCC69459CEAE3740C2A7F75CBFBF41404E7ADFF8DAAE3740B833D960DDBF414030EC59A52EAF3740D2D247A6E4BF414093F8E47A3EAF37402935A41FC7BF4140CCC69459CEAE3740C2A7F75CBFBF4140');
INSERT INTO public.food_areas VALUES (16, 46, 75, 'high', '0106000020E610000001000000010300000001000000050000007604CB6CEBAE3740A6E6DD1EA5BF4140CCC69459CEAE3740C2A7F75CBFBF414093F8E47A3EAF37402935A41FC7BF4140F1129CFA40AF37404B9A9A5FA8BF41407604CB6CEBAE3740A6E6DD1EA5BF4140');


--
-- TOC entry 3937 (class 0 OID 27240)
-- Dependencies: 209
-- Data for Name: food_stalls; Type: TABLE DATA; Schema: public; Owner: postgres
--

INSERT INTO public.food_stalls VALUES (1, 'funky burger hut', '0106000020E61000000100000001030000000100000005000000932ADD9F83AC37409D4E2E9D41BF41402994C7CB81AC3740835DC1F445BF414059B573B3A2AC3740F304A14048BF4140C44B8987A4AC37400DF60DE943BF4140932ADD9F83AC37409D4E2E9D41BF4140', 10, 10);
INSERT INTO public.food_stalls VALUES (2, 'Musico Bar', '0106000020E610000001000000010300000001000000050000005BE2D074D9AB3740856DD5BF35BF4140F14BBBA0D7AB3740FAF57D173ABF41403F609288F8AB37406A9D5D633CBF4140AAF6A75CFAAB3740F514B50B38BF41405BE2D074D9AB3740856DD5BF35BF4140', 6, 10);
INSERT INTO public.food_stalls VALUES (3, 'Brunch Bites', '0106000020E6100000010000000103000000010000000500000026FCD67713AD3740DE8961A04EBF41409E7296A311AD3740C498F4F752BF4140EC866D8B32AD37403440D44355BF4140561D835F34AD37404E3141EC50BF414026FCD67713AD3740DE8961A04EBF4140', 6, 10);
INSERT INTO public.food_stalls VALUES (4, 'Beers and Burgers', '0106000020E61000000100000001030000000100000005000000F35D8408BCAC374086B849779DBF414089C76E34BAAC3740FB40F2CEA1BF4140D7DB451CDBAC37406BE8D11AA4BF414042725BF0DCAC3740F65F29C39FBF4140F35D8408BCAC374086B849779DBF4140', 9, 10);
INSERT INTO public.food_stalls VALUES (5, 'Vegan Goodness', '0106000020E61000000100000001030000000100000005000000C7638A6287AC3740051B95A399BF41405CCD748E85AC3740EB2928FB9DBF4140ABE14B76A6AC37405BD10747A0BF41401578614AA8AC374075C274EF9BBF4140C7638A6287AC3740051B95A399BF4140', 6, 10);
INSERT INTO public.food_stalls VALUES (6, 'I Love Sushi Bar', '0106000020E6100000010000000103000000010000000500000095D729DA45AB3740980A7DF2A8BF41402B41140644AB37400D93254AADBF41407955EBED64AB37407C3A0596AFBF4140E3EB00C266AB374008B25C3EABBF414095D729DA45AB3740980A7DF2A8BF4140', 5, 10);
INSERT INTO public.food_stalls VALUES (7, 'Breads and Buns Bakery', '0106000020E610000001000000010300000001000000050000003D663D0843AB374056F03E3B9EBF4140D3CF273441AB3740CB78E792A2BF414003F1D31B62AB37403B20C7DEA4BF41406E87E9EF63AB3740C6971E87A0BF41403D663D0843AB374056F03E3B9EBF4140', 4, 10);
INSERT INTO public.food_stalls VALUES (8, 'CANDY ALL YOU CAN EAT', '0106000020E61000000100000001030000000100000005000000727BB4FEB7AD37400772BB5DD0BF414008E59E2AB6AD3740EC804EB5D4BF414039064B12D7AD37405C282E01D7BF4140A39C60E6D8AD374076199BA9D2BF4140727BB4FEB7AD37400772BB5DD0BF4140', 2, 10);
INSERT INTO public.food_stalls VALUES (9, 'Healthy but Fun', '0106000020E61000000100000001030000000100000005000000727BB4FEB7AD3740958F726AC6BF414008E59E2AB6AD37407A9E05C2CABF414039064B12D7AD3740EA45E50DCDBF4140A39C60E6D8AD3740043752B6C8BF4140727BB4FEB7AD3740958F726AC6BF4140', 10, 10);
INSERT INTO public.food_stalls VALUES (10, 'pizza italiano', '0106000020E61000000100000001030000000100000005000000291197D2E9AD37409966DBE5B2BF4140BF7A81FEE7AD37400DEF833DB7BF41400D8F58E608AE3740EE1C4E89B9BF414078256EBA0AAE3740090EBB31B5BF4140291197D2E9AD37409966DBE5B2BF4140', 7, 10);
INSERT INTO public.food_stalls VALUES (11, 'Hellenic Kitchen', '0106000020E6100000010000000103000000010000000500000019E6E35E89AF37405C199637EEBF4140AF4FCE8A87AF37404228298FF2BF4140FD63A572A8AF3740B2CF08DBF4BF414067FABA46AAAF3740CCC07583F0BF414019E6E35E89AF37405C199637EEBF4140', 8, 10);
INSERT INTO public.food_stalls VALUES (12, 'Greek specialities', '0106000020E6100000010000000103000000010000000500000028E751128EAF3740500B3575E4BF4140BE503C3E8CAF3740C493DDCCE8BF4140EF71E825ADAF3740343BBD18EBBF41405908FEF9AEAF3740C0B214C1E6BF414028E751128EAF3740500B3575E4BF4140', 6, 10);
INSERT INTO public.food_stalls VALUES (13, 'SEAFOOD HEAVEN', '0106000020E610000001000000010300000001000000050000002B8BFCD913AF37404D636290C7BF4140C1F4E60512AF37403272F5E7CBBF4140F21593ED32AF3740A219D533CEBF41407A9FD3C134AF3740BC0A42DCC9BF41402B8BFCD913AF37404D636290C7BF4140', 10, 10);
INSERT INTO public.food_stalls VALUES (14, 'Breakfast Club', '0106000020E61000000100000001030000000100000005000000C52753BB15AF374017FB26A8BCBF41405B913DE713AF3740FD09BAFFC0BF4140A9A514CF34AF37406CB1994BC3BF4140143C2AA336AF374086A206F4BEBF4140C52753BB15AF374017FB26A8BCBF4140', 5, 10);
INSERT INTO public.food_stalls VALUES (15, 'Ben&Jerrys', '0106000020E610000001000000010300000001000000050000009D540B57CDAE3740FC66491D70BF414033BEF582CBAE3740E275DC7474BF414063DFA16AECAE3740521DBCC076BF4140EB68E23EEEAE37406C0E296972BF41409D540B57CDAE3740FC66491D70BF4140', 6, 10);
INSERT INTO public.food_stalls VALUES (16, 'Turtle Bay Cocktail Bar', '0106000020E6100000010000000103000000010000000500000050C33BE912AF374064C1ED9E76BF4140E52C261511AF37404AD080F67ABF41403441FDFC31AF3740BA7760427DBF41409ED712D133AF3740D468CDEA78BF414050C33BE912AF374064C1ED9E76BF4140', 6, 10);
INSERT INTO public.food_stalls VALUES (17, 'Delicious Snacks', '0106000020E610000001000000010300000001000000050000003C1E0AD1E7AC3740CE0B45F44ABF4140D287F4FCE5AC3740B41AD84B4FBF414002A9A0E406AD374024C2B79751BF41406D3FB6B808AD37403EB324404DBF41403C1E0AD1E7AC3740CE0B45F44ABF4140', 6, 10);
INSERT INTO public.food_stalls VALUES (18, 'Pirates of the Aegean', '0106000020E6100000010000000103000000010000000500000056E7410FEFAD37405EF2E43FC9BF4140EC502C3BEDAD374043017897CDBF41401C72D8220EAE3740B3A857E3CFBF41408708EEF60FAE3740CD99C48BCBBF414056E7410FEFAD37405EF2E43FC9BF4140', 5, 10);
INSERT INTO public.food_stalls VALUES (19, 'Bobiros Bar', '0106000020E610000001000000010300000001000000050000008134EF7A61AF37401C77105CE1BF4140F9AAAEA65FAF37400286A3B3E5BF414047BF858E80AF3740712D83FFE7BF4140B1559B6282AF37408C1EF0A7E3BF41408134EF7A61AF37401C77105CE1BF4140', 6, 10);


--
-- TOC entry 3943 (class 0 OID 27271)
-- Dependencies: 215
-- Data for Name: performers; Type: TABLE DATA; Schema: public; Owner: postgres
--

INSERT INTO public.performers VALUES (1, 'Bobby B', 'Reggae');
INSERT INTO public.performers VALUES (2, 'Chris C', 'Rock');
INSERT INTO public.performers VALUES (3, 'Dave D', 'Rock');
INSERT INTO public.performers VALUES (4, 'Elena E', 'Funk');
INSERT INTO public.performers VALUES (5, 'The 2 Flamingos', 'Funk');
INSERT INTO public.performers VALUES (6, 'Greta T', 'Political');
INSERT INTO public.performers VALUES (7, 'Hans Z', 'Cinema');
INSERT INTO public.performers VALUES (8, 'The 4 Iguanas ', 'Reggae');
INSERT INTO public.performers VALUES (9, 'Jack J', 'Reggae');
INSERT INTO public.performers VALUES (10, 'Kelly K', 'Pop');
INSERT INTO public.performers VALUES (11, 'Loud Person', 'Pop');
INSERT INTO public.performers VALUES (12, 'Muddy Man', 'Classical');
INSERT INTO public.performers VALUES (13, 'New Nanny', 'Classical');
INSERT INTO public.performers VALUES (14, 'Orthello', 'Hip Hop');
INSERT INTO public.performers VALUES (15, 'Pamela P', 'Jazz');
INSERT INTO public.performers VALUES (16, 'Quizzy Q', 'Hip Hop');


--
-- TOC entry 3768 (class 0 OID 26519)
-- Dependencies: 202
-- Data for Name: spatial_ref_sys; Type: TABLE DATA; Schema: public; Owner: postgres
--



--
-- TOC entry 3945 (class 0 OID 27279)
-- Dependencies: 217
-- Data for Name: stages; Type: TABLE DATA; Schema: public; Owner: postgres
--

INSERT INTO public.stages VALUES (1, 'Summer Stage', 8, 30, '0101000020E610000041C79AD35DAB37408AAB4EF74FBF4140');
INSERT INTO public.stages VALUES (2, 'Seaside Stage', 10, 25, '0101000020E61000007462ACC2A8AC37400AD78262D4BF4140');
INSERT INTO public.stages VALUES (3, 'Main Stage', 8, 45, '0101000020E6100000408B632CECAD37409CD633A571BF4140');
INSERT INTO public.stages VALUES (4, 'Ocean Stage', 8, 25, '0101000020E610000075BB6E7CB3AE3740B3321288F4BF4140');
INSERT INTO public.stages VALUES (5, 'Tides Stage', 8, 30, '0101000020E61000009C7CC4F9E5AF3740C0F7EDDA94BF4140');


--
-- TOC entry 3949 (class 0 OID 27308)
-- Dependencies: 221
-- Data for Name: tent_zones; Type: TABLE DATA; Schema: public; Owner: postgres
--

INSERT INTO public.tent_zones VALUES (2, 100, '0106000020E61000000100000001030000000100000006000000C6DE5E3CF0AF37402299F036FBBE41406710BC2241AF3740356516F575BF41405F77564226B03740EC9B637F87BF4140431C601C42B037404415151D32BF414036377D924AB03740174425FD0CBF4140C6DE5E3CF0AF37402299F036FBBE4140');
INSERT INTO public.tent_zones VALUES (1, 100, '0106000020E610000001000000010300000001000000070000000C4D2BD57CAC374098B3861740BF4140DCA45F9C4DAC3740593B009296BE4140A1002449D4AB37403D3266ACA0BE41406F3C610C6AAB37409794D580C3BE4140ED346A0A3BAB3740C74B4FED09BF41400CB16C6334AB37408277391D27BF41400C4D2BD57CAC374098B3861740BF4140');
INSERT INTO public.tent_zones VALUES (4, 250, '0106000020E610000001000000010300000001000000060000005B3B54B5B9AE3740E5CE86A86BBF414055424EC7A5AE37400109F276BABE414097C0009E04AE37407FB0AD2A9ABE41404D8DCB58F7AD37404969463B9ABE4140972DF33B3AAD3740612AE17E4EBF41405B3B54B5B9AE3740E5CE86A86BBF4140');
INSERT INTO public.tent_zones VALUES (3, 200, '0106000020E61000000100000001030000000100000007000000972DF33B3AAD3740612AE17E4EBF41404D8DCB58F7AD37404969463B9ABE41400F7AE482EBAC3740FF20F4A893BE414044E1CE6250AC37408640D75696BE4140DCA45F9C4DAC3740593B009296BE41400C4D2BD57CAC374098B3861740BF4140972DF33B3AAD3740612AE17E4EBF4140');
INSERT INTO public.tent_zones VALUES (5, 200, '0106000020E610000001000000010300000001000000050000006710BC2241AF3740356516F575BF4140C6DE5E3CF0AF37402299F036FBBE414055424EC7A5AE37400109F276BABE41405B3B54B5B9AE3740E5CE86A86BBF41406710BC2241AF3740356516F575BF4140');


--
-- TOC entry 3951 (class 0 OID 27319)
-- Dependencies: 223
-- Data for Name: tents; Type: TABLE DATA; Schema: public; Owner: postgres
--

INSERT INTO public.tents VALUES (1, '0101000020E6100000B83A630C6AAB3740A92DD8BA12BF4140');
INSERT INTO public.tents VALUES (2, '0101000020E610000032C62C2059AB3740B1F766C41ABF4140');
INSERT INTO public.tents VALUES (3, '0101000020E6100000CD59E18E1EAC3740999361261BBF4140');
INSERT INTO public.tents VALUES (4, '0101000020E6100000960833F137AC3740694E03AB0FBF4140');
INSERT INTO public.tents VALUES (5, '0101000020E61000003B97981D98AB3740FB08DBD3FEBE4140');
INSERT INTO public.tents VALUES (6, '0101000020E6100000BCD56B61B3AB3740B9C1F5CD22BF4140');
INSERT INTO public.tents VALUES (7, '0101000020E610000095852B77D1AB374041D333390CBF4140');
INSERT INTO public.tents VALUES (8, '0101000020E6100000CD59E18E1EAC3740A0DA436F2FBF4140');
INSERT INTO public.tents VALUES (9, '0101000020E61000009FD99EEE76AC3740E80654492EBF4140');
INSERT INTO public.tents VALUES (10, '0101000020E6100000EA526D814EAC374041CDDAB724BF4140');
INSERT INTO public.tents VALUES (11, '0101000020E6100000B16F0603F8AB37405ABAE597FFBE4140');
INSERT INTO public.tents VALUES (12, '0101000020E61000001BFA6163E2AB3740B623E6A3D6BE4140');
INSERT INTO public.tents VALUES (13, '0101000020E61000008584BDC3CCAB3740441A4FE3E2BE4140');
INSERT INTO public.tents VALUES (14, '0101000020E61000005EC026C68DAB3740C55BA5C3DCBE4140');
INSERT INTO public.tents VALUES (15, '0101000020E610000014475833B6AB374053520E03E9BE4140');
INSERT INTO public.tents VALUES (16, '0101000020E610000092F9D38891AB37406369D8D6ECBE4140');
INSERT INTO public.tents VALUES (17, '0101000020E61000000A76EC3577AB374093AE3652F8BE4140');
INSERT INTO public.tents VALUES (18, '0101000020E61000005672C242B5AB3740C191DD5812BF4140');
INSERT INTO public.tents VALUES (19, '0101000020E6100000E325AC4B95AB37403139BDA414BF4140');
INSERT INTO public.tents VALUES (20, '0101000020E6100000C423D0E48BAB374001EE05A821BF4140');
INSERT INTO public.tents VALUES (21, '0101000020E610000062E7D8077AAB3740D125FB6B22BF4140');
INSERT INTO public.tents VALUES (22, '0101000020E6100000CB6283015BAB374031B610E420BF4140');
INSERT INTO public.tents VALUES (23, '0101000020E6100000F09AC2105AAB3740E98F598B09BF4140');
INSERT INTO public.tents VALUES (24, '0101000020E610000069268C2449AB374009BEED3211BF4140');
INSERT INTO public.tents VALUES (25, '0101000020E6100000D8BF46EDD9AB3740C08B84D72ABF4140');
INSERT INTO public.tents VALUES (26, '0101000020E6100000625B2F1BD7AB3740F923779E19BF4140');
INSERT INTO public.tents VALUES (27, '0101000020E61000005F432E40F4AB37405931E05524BF4140');
INSERT INTO public.tents VALUES (28, '0101000020E61000007E450AA7FDAB3740B83E490D2FBF4140');
INSERT INTO public.tents VALUES (29, '0101000020E610000060C635BA5AAC37407012393330BF4140');
INSERT INTO public.tents VALUES (30, '0101000020E610000031B43A3943AC37408029030734BF4140');
INSERT INTO public.tents VALUES (31, '0101000020E61000008707C53D33AC3740C08B84D72ABF4140');
INSERT INTO public.tents VALUES (32, '0101000020E610000082E012FC46AC3740303364232DBF4140');
INSERT INTO public.tents VALUES (33, '0101000020E6100000B301BFE367AC3740192BBD7837BF4140');
INSERT INTO public.tents VALUES (34, '0101000020E610000084EFC36250AC3740A983DD2C35BF4140');
INSERT INTO public.tents VALUES (35, '0101000020E61000005FB7845351AC3740D1A8A72C16BF4140');
INSERT INTO public.tents VALUES (36, '0101000020E610000045DC5A2E34AC374093AE3652F8BE4140');
INSERT INTO public.tents VALUES (37, '0101000020E61000008A1FC61816AC3740914C7FDD06BF4140');
INSERT INTO public.tents VALUES (38, '0101000020E61000004C1B0E4B03AC3740719B3E750BBF4140');
INSERT INTO public.tents VALUES (39, '0101000020E6100000F8D0D3BAECAB3740110B29FD0CBF4140');
INSERT INTO public.tents VALUES (40, '0101000020E6100000B27EB76901AC3740812F5C881BBF4140');
INSERT INTO public.tents VALUES (41, '0101000020E6100000F8D0D3BAECAB3740A1E09CF016BF4140');
INSERT INTO public.tents VALUES (42, '0101000020E6100000E190B2EA18AC3740B174BA0327BF4140');
INSERT INTO public.tents VALUES (43, '0101000020E61000000F11F58AC0AB3740C95B6C621ABF4140');
INSERT INTO public.tents VALUES (44, '0101000020E6100000001F383EC5AB374008B894B129BF4140');
INSERT INTO public.tents VALUES (45, '0101000020E6100000F3261AFF99AB3740F0538F132ABF4140');
INSERT INTO public.tents VALUES (46, '0101000020E610000022391580B1AB374060FB6E5F2CBF4140');
INSERT INTO public.tents VALUES (47, '0101000020E6100000D089354347AB3740A15DF02F23BF4140');
INSERT INTO public.tents VALUES (48, '0101000020E61000009C50888043AB3740A9AA2BFA1EBF4140');
INSERT INTO public.tents VALUES (49, '0101000020E61000006817DBBD3FAB374011887C3C19BF4140');
INSERT INTO public.tents VALUES (50, '0101000020E6100000A412431779AB3740C95B6C621ABF4140');
INSERT INTO public.tents VALUES (51, '0101000020E61000001B860B5085AB3740618474A107BF4140');
INSERT INTO public.tents VALUES (52, '0101000020E61000007ED1B393A0AB3740296F2E9B0CBF4140');
INSERT INTO public.tents VALUES (53, '0101000020E61000002348C6E6BAAB3740E1C5CA8101BF4140');
INSERT INTO public.tents VALUES (54, '0101000020E610000018E26088FFAB37401BBA1B3CFABE4140');
INSERT INTO public.tents VALUES (55, '0101000020E6100000B596B844E4AB3740FB8B8794F2BE4140');
INSERT INTO public.tents VALUES (56, '0101000020E6100000FCF785FCD8AB374029F2DA5B00BF4140');
INSERT INTO public.tents VALUES (57, '0101000020E610000076834F10C8AB3740AB123CF0F7BE4140');
INSERT INTO public.tents VALUES (58, '0101000020E610000014475833B6AB37400BA35168F6BE4140');
INSERT INTO public.tents VALUES (59, '0101000020E61000009511D56374AB3740B1FDBF4502BF4140');
INSERT INTO public.tents VALUES (60, '0101000020E610000041C79AD35DAB37402BD1E50FFEBE4140');
INSERT INTO public.tents VALUES (61, '0101000020E6100000C73BD1BF6EAB3740C1148A1906BF4140');
INSERT INTO public.tents VALUES (62, '0101000020E6100000A412431779AB374041D333390CBF4140');
INSERT INTO public.tents VALUES (63, '0101000020E61000000A76EC3577AB374091C9D21C13BF4140');
INSERT INTO public.tents VALUES (64, '0101000020E6100000699AE237A6AB3740E1BF71001ABF4140');
INSERT INTO public.tents VALUES (65, '0101000020E610000036613575A2AB374041CDDAB724BF4140');
INSERT INTO public.tents VALUES (66, '0101000020E610000036613575A2AB3740D97236361EBF4140');
INSERT INTO public.tents VALUES (67, '0101000020E6100000F52C29F366AC37406848AA2928BF4140');
INSERT INTO public.tents VALUES (68, '0101000020E6100000D62A4D8C5DAC374059B48C1618BF4140');
INSERT INTO public.tents VALUES (69, '0101000020E61000009717E45741AC3740999361261BBF4140');
INSERT INTO public.tents VALUES (70, '0101000020E6100000FC6BDC0F36AC3740491A168220BF4140');
INSERT INTO public.tents VALUES (71, '0101000020E610000001A23FB82BAC3740A1E09CF016BF4140');
INSERT INTO public.tents VALUES (72, '0101000020E61000008B2E777F1FAC3740694E03AB0FBF4140');
INSERT INTO public.tents VALUES (73, '0101000020E610000018E26088FFAB3740F159E89411BF4140');
INSERT INTO public.tents VALUES (74, '0101000020E610000004BA40930EAC3740201C9A4F29BF4140');
INSERT INTO public.tents VALUES (75, '0101000020E610000004BA40930EAC3740F81D1E1D32BF4140');
INSERT INTO public.tents VALUES (76, '0101000020E610000053CE177B2FAC3740192BBD7837BF4140');
INSERT INTO public.tents VALUES (77, '0101000020E6100000CA41E0B33BAC3740489769C12CBF4140');
INSERT INTO public.tents VALUES (78, '0101000020E6100000A2F19FC959AC3740A9AA2BFA1EBF4140');
INSERT INTO public.tents VALUES (79, '0101000020E61000008FC97FD468AC374079E220BE1FBF4140');
INSERT INTO public.tents VALUES (80, '0101000020E610000090D8303B72AC3740590A92883ABF4140');
INSERT INTO public.tents VALUES (81, '0101000020E6100000C729DFD858AC3740D1FEAC9E38BF4140');
INSERT INTO public.tents VALUES (82, '0101000020E6100000303133BFDCAB37409146265C1FBF4140');
INSERT INTO public.tents VALUES (83, '0101000020E61000002C0A817DF0AB3740006B59E72DBF4140');
INSERT INTO public.tents VALUES (84, '0101000020E61000003F32A172E1AB374028E6285931BF4140');
INSERT INTO public.tents VALUES (85, '0101000020E61000007706578A2EAC3740E489396BE4BE4140');
INSERT INTO public.tents VALUES (86, '0101000020E610000066F6377020AC374047DEBDCCC5BE4140');
INSERT INTO public.tents VALUES (87, '0101000020E6100000826CBCE8E9AB37405A364AC9B8BE4140');
INSERT INTO public.tents VALUES (88, '0101000020E61000008DC370E09BAB374091E9D85AC2BE4140');
INSERT INTO public.tents VALUES (89, '0101000020E6100000C17F251D06AC3740AB95E8B0EBBE4140');
INSERT INTO public.tents VALUES (90, '0101000020E610000038F3ED5512AC374053CF6142F5BE4140');
INSERT INTO public.tents VALUES (91, '0101000020E610000073DFA44842AC3740C1148A1906BF4140');
INSERT INTO public.tents VALUES (92, '0101000020E61000001856B79B5CAC3740914C7FDD06BF4140');
INSERT INTO public.tents VALUES (93, '0101000020E61000005B90D21165AC37403986F86E10BF4140');
INSERT INTO public.tents VALUES (94, '0101000020E6100000E08101840FAC3740D1A8A72C16BF4140');
INSERT INTO public.tents VALUES (95, '0101000020E610000014BBAE4613AC3740A9AA2BFA1EBF4140');
INSERT INTO public.tents VALUES (96, '0101000020E6100000B9BD6A86D0AB3740D125FB6B22BF4140');
INSERT INTO public.tents VALUES (97, '0101000020E6100000C423D0E48BAB3740B174BA0327BF4140');
INSERT INTO public.tents VALUES (98, '0101000020E6100000A839F55865AB37401105D07B25BF4140');
INSERT INTO public.tents VALUES (99, '0101000020E6100000D84BF0D97CAB374050E4A48B28BF4140');
INSERT INTO public.tents VALUES (100, '0101000020E6100000ED6A6E5C31AC3740404A2EF730BF4140');
INSERT INTO public.tents VALUES (101, '0101000020E61000001117047F8DAC3740716E97263ABF4140');
INSERT INTO public.tents VALUES (102, '0101000020E61000008572CBDCB6AC3740E1421EC10DBF4140');
INSERT INTO public.tents VALUES (103, '0101000020E6100000229B79ACF8AC3740136DE071FEBE4140');
INSERT INTO public.tents VALUES (104, '0101000020E6100000ADB969545CAD374023075706F6BE4140');
INSERT INTO public.tents VALUES (105, '0101000020E6100000EB49CB0E12AD3740CE87EB41D6BE4140');
INSERT INTO public.tents VALUES (106, '0101000020E61000004029FFFFA4AC3740857CD0B3D9BE4140');
INSERT INTO public.tents VALUES (107, '0101000020E61000004029FFFFA4AC3740857CD0B3D9BE4140');
INSERT INTO public.tents VALUES (108, '0101000020E61000005C13DA8BCBAC3740DB5DF3ECEABE4140');
INSERT INTO public.tents VALUES (109, '0101000020E6100000354F438E8CAC374053CF6142F5BE4140');
INSERT INTO public.tents VALUES (110, '0101000020E6100000714AABE7C5AC3740593739D70BBF4140');
INSERT INTO public.tents VALUES (111, '0101000020E610000027D1DC54EEAC374069CB56EA1BBF4140');
INSERT INTO public.tents VALUES (112, '0101000020E610000071BE01FB22AD3740A9AA2BFA1EBF4140');
INSERT INTO public.tents VALUES (113, '0101000020E61000002E109071BDAC374050E4A48B28BF4140');
INSERT INTO public.tents VALUES (114, '0101000020E61000004AFA6AFDE3AC3740D1FEAC9E38BF4140');
INSERT INTO public.tents VALUES (115, '0101000020E6100000DB485D5B0DAD374068C5FD6834BF4140');
INSERT INTO public.tents VALUES (116, '0101000020E6100000B507CED734AD374069215C5C3EBF4140');
INSERT INTO public.tents VALUES (117, '0101000020E61000000E7359B707AD374061D4209242BF4140');
INSERT INTO public.tents VALUES (118, '0101000020E6100000DAC555E1A6AC374041A68CEA3ABF4140');
INSERT INTO public.tents VALUES (119, '0101000020E610000078895E0495AC3740B9C1F5CD22BF4140');
INSERT INTO public.tents VALUES (120, '0101000020E61000004E211D3FD0AC374029EC81DA18BF4140');
INSERT INTO public.tents VALUES (121, '0101000020E61000008C25D50CE3AC37407195E5F323BF4140');
INSERT INTO public.tents VALUES (122, '0101000020E61000006B025658BAAD3740F923779E19BF4140');
INSERT INTO public.tents VALUES (123, '0101000020E61000006F9D5EAD03AE374099E966983DBF4140');
INSERT INTO public.tents VALUES (124, '0101000020E61000008021D4DA6EAE37408102B5394ABF4140');
INSERT INTO public.tents VALUES (125, '0101000020E61000001BCDDB227AAE374050E4A48B28BF4140');
INSERT INTO public.tents VALUES (126, '0101000020E6100000E2E974A423AE3740D8EF89752ABF4140');
INSERT INTO public.tents VALUES (127, '0101000020E61000005C753EB812AE3740618474A107BF4140');
INSERT INTO public.tents VALUES (128, '0101000020E6100000E9B4D1AD95AD37409BFB711CF4BE4140');
INSERT INTO public.tents VALUES (129, '0101000020E610000033A2F653CAAD3740F33E4CCAF6BE4140');
INSERT INTO public.tents VALUES (130, '0101000020E610000034B1A7BAD3AD37403986F86E10BF4140');
INSERT INTO public.tents VALUES (131, '0101000020E6100000FA3847DB00AE3740D9F5E2F611BF4140');
INSERT INTO public.tents VALUES (132, '0101000020E6100000AC1BCE80A3AE37409999BAA702BF4140');
INSERT INTO public.tents VALUES (133, '0101000020E6100000E7932E6076AE3740C9DE18230EBF4140');
INSERT INTO public.tents VALUES (134, '0101000020E6100000410E6BA652AE37400C0509DDE7BE4140');
INSERT INTO public.tents VALUES (135, '0101000020E6100000484D1EC321AE37409DE0D551D9BE4140');
INSERT INTO public.tents VALUES (136, '0101000020E610000009C65E7BA8AD37400EEA6C12CDBE4140');
INSERT INTO public.tents VALUES (137, '0101000020E61000002E84E6841AAD3740BBACB284EFBE4140');
INSERT INTO public.tents VALUES (138, '0101000020E61000002854E4CE54AD3740E1C5CA8101BF4140');
INSERT INTO public.tents VALUES (139, '0101000020E6100000925296429CAD3740D1A8A72C16BF4140');
INSERT INTO public.tents VALUES (140, '0101000020E61000008E2BE400B0AD3740B83E490D2FBF4140');
INSERT INTO public.tents VALUES (141, '0101000020E6100000956A971D7FAD3740C1E7E2CA34BF4140');
INSERT INTO public.tents VALUES (142, '0101000020E6100000DAB363FA90AD37405987E5C746BF4140');
INSERT INTO public.tents VALUES (143, '0101000020E6100000AB2470F3DFAD374049701BF442BF4140');
INSERT INTO public.tents VALUES (144, '0101000020E6100000B6FE2B65F8AD374031E5C78859BF4140');
INSERT INTO public.tents VALUES (145, '0101000020E610000045351DE83EAE3740B2261E6953BF4140');
INSERT INTO public.tents VALUES (146, '0101000020E6100000E47B2D8593AE3740011DBD4C5ABF4140');
INSERT INTO public.tents VALUES (147, '0101000020E6100000037E09EC9CAE3740B917FB3F45BF4140');
INSERT INTO public.tents VALUES (148, '0101000020E6100000EF55E9F6ABAE3740006B59E72DBF4140');
INSERT INTO public.tents VALUES (149, '0101000020E61000003EF669CB6FAE3740A983DD2C35BF4140');
INSERT INTO public.tents VALUES (150, '0101000020E61000006546AAB551AE3740192BBD7837BF4140');
INSERT INTO public.tents VALUES (151, '0101000020E6100000AB98C6063DAE3740D9C83BA840BF4140');
INSERT INTO public.tents VALUES (152, '0101000020E61000007547186956AE37408AAB4EF74FBF4140');
INSERT INTO public.tents VALUES (153, '0101000020E6100000722F178E73AE37405B3FA2AE5ABF4140');
INSERT INTO public.tents VALUES (154, '0101000020E6100000130B218C44AE37400AC6560A60BF4140');
INSERT INTO public.tents VALUES (155, '0101000020E6100000F47C9B3898AE3740A2E805C865BF4140');
INSERT INTO public.tents VALUES (156, '0101000020E6100000CB1DAAE7ACAE37405B3FA2AE5ABF4140');
INSERT INTO public.tents VALUES (157, '0101000020E610000099F3AD8BB2AE3740C164360A41BF4140');
INSERT INTO public.tents VALUES (158, '0101000020E610000017A629E18DAE3740911FD88E35BF4140');
INSERT INTO public.tents VALUES (159, '0101000020E610000082B38CBBDEAE374062307F854CBF4140');
INSERT INTO public.tents VALUES (160, '0101000020E610000007191241E6AE3740CAE681FA5CBF4140');
INSERT INTO public.tents VALUES (161, '0101000020E610000050FDE67241AF3740D2B0100465BF4140');
INSERT INTO public.tents VALUES (162, '0101000020E610000047AF82EF68AF3740699EAF9B4ABF4140');
INSERT INTO public.tents VALUES (163, '0101000020E6100000C561FE4444AF3740911FD88E35BF4140');
INSERT INTO public.tents VALUES (164, '0101000020E61000007A65283806AF37407012393330BF4140');
INSERT INTO public.tents VALUES (165, '0101000020E6100000D1530D90A2AE374041A68CEA3ABF4140');
INSERT INTO public.tents VALUES (166, '0101000020E610000096DBACB0CFAE37406157CD5236BF4140');
INSERT INTO public.tents VALUES (167, '0101000020E61000000828C3A7EFAE3740D9C83BA840BF4140');
INSERT INTO public.tents VALUES (168, '0101000020E6100000573C9A8F10AF3740513AAAFD4ABF4140');
INSERT INTO public.tents VALUES (169, '0101000020E6100000774D275D23AF3740699EAF9B4ABF4140');
INSERT INTO public.tents VALUES (170, '0101000020E6100000A238709C4EAF3740590A92883ABF4140');
INSERT INTO public.tents VALUES (171, '0101000020E6100000C988B08630AF3740318FC21637BF4140');
INSERT INTO public.tents VALUES (172, '0101000020E61000008A75475214AF37407938263042BF4140');
INSERT INTO public.tents VALUES (173, '0101000020E61000001CC439B03DAF3740D17B00DE44BF4140');
INSERT INTO public.tents VALUES (174, '0101000020E6100000F99AAB0748AF3740A20F54954FBF4140');
INSERT INTO public.tents VALUES (175, '0101000020E61000001FDC3A8B20AF3740529608F154BF4140');
INSERT INTO public.tents VALUES (176, '0101000020E6100000774D275D23AF3740A2E805C865BF4140');
INSERT INTO public.tents VALUES (177, '0101000020E61000007E8CDA79F2AE3740AB919F856BBF4140');
INSERT INTO public.tents VALUES (178, '0101000020E610000014027F1908AF3740E24A87985CBF4140');
INSERT INTO public.tents VALUES (179, '0101000020E61000009D8EB6E0FBAE3740CA8A230753BF4140');
INSERT INTO public.tents VALUES (180, '0101000020E6100000B8F589F2BBAE37403A8E61465FBF4140');
INSERT INTO public.tents VALUES (181, '0101000020E6100000A4CD69FDCAAE37406AFA0D8F54BF4140');
INSERT INTO public.tents VALUES (182, '0101000020E6100000A4CD69FDCAAE3740F9F6CF4F48BF4140');
INSERT INTO public.tents VALUES (183, '0101000020E6100000CC2C5B4EB6AE3740326874494DBF4140');
INSERT INTO public.tents VALUES (184, '0101000020E610000069E1B20A9BAE37407247495950BF4140');
INSERT INTO public.tents VALUES (185, '0101000020E6100000A03261A881AE3740EA3B646F4EBF4140');
INSERT INTO public.tents VALUES (186, '0101000020E61000005E07F79882AE3740FAAE8C365CBF4140');
INSERT INTO public.tents VALUES (187, '0101000020E6100000C89152F96CAE37400AC6560A60BF4140');
INSERT INTO public.tents VALUES (188, '0101000020E6100000394CB00F1DAE3740A20F54954FBF4140');
INSERT INTO public.tents VALUES (189, '0101000020E61000008FAEEB7A16AE374061ADD2C458BF4140');
INSERT INTO public.tents VALUES (190, '0101000020E61000000A4966F50EAE3740310C165643BF4140');
INSERT INTO public.tents VALUES (191, '0101000020E6100000B89325C674AD3740590A92883ABF4140');
INSERT INTO public.tents VALUES (192, '0101000020E61000008EB78DED52AD3740C92EC51349BF4140');
INSERT INTO public.tents VALUES (193, '0101000020E61000001C6B77F632AD37405987E5C746BF4140');
INSERT INTO public.tents VALUES (194, '0101000020E61000008D348673ECAC374001C7B7DA37BF4140');
INSERT INTO public.tents VALUES (195, '0101000020E6100000B484C65DCEAC3740F9797C103CBF4140');
INSERT INTO public.tents VALUES (196, '0101000020E61000001D007157AFAC3740785F74FD2BBF4140');
INSERT INTO public.tents VALUES (197, '0101000020E610000049EBB996DAAC3740D0A24EAB2EBF4140');
INSERT INTO public.tents VALUES (198, '0101000020E61000007462ACC2A8AC37408029030734BF4140');
INSERT INTO public.tents VALUES (199, '0101000020E610000078895E0495AC3740201C9A4F29BF4140');
INSERT INTO public.tents VALUES (200, '0101000020E61000001226B5E596AC37407965CD7E13BF4140');
INSERT INTO public.tents VALUES (201, '0101000020E61000003440922783AC37403909A52F04BF4140');
INSERT INTO public.tents VALUES (202, '0101000020E61000000EFF02A4AAAC3740136DE071FEBE4140');
INSERT INTO public.tents VALUES (203, '0101000020E6100000ACC20BC798AC37409BFB711CF4BE4140');
INSERT INTO public.tents VALUES (204, '0101000020E6100000603A8CCDB7AC37406B3367E0F4BE4140');
INSERT INTO public.tents VALUES (205, '0101000020E6100000F2887E2BE1AC37403909A52F04BF4140');
INSERT INTO public.tents VALUES (206, '0101000020E6100000D06EA1E9F4AC37402122F3D010BF4140');
INSERT INTO public.tents VALUES (207, '0101000020E610000052BC259419AD3740296F2E9B0CBF4140');
INSERT INTO public.tents VALUES (208, '0101000020E6100000C5083C8B39AD374031BC696508BF4140');
INSERT INTO public.tents VALUES (209, '0101000020E6100000C1E189494DAD3740E1421EC10DBF4140');
INSERT INTO public.tents VALUES (210, '0101000020E61000005A7EE02A4FAD3740812F5C881BBF4140');
INSERT INTO public.tents VALUES (211, '0101000020E6100000E519C9584CAD3740B174BA0327BF4140');
INSERT INTO public.tents VALUES (212, '0101000020E6100000C4F98A2430AD3740201C9A4F29BF4140');
INSERT INTO public.tents VALUES (213, '0101000020E610000042AC067A0BAD37401105D07B25BF4140');
INSERT INTO public.tents VALUES (214, '0101000020E6100000129A0BF9F3AC374088763ED12FBF4140');
INSERT INTO public.tents VALUES (215, '0101000020E6100000AD451341FFAC3740A136A26239BF4140');
INSERT INTO public.tents VALUES (216, '0101000020E610000059FBD8B0E8AC374061D4209242BF4140');
INSERT INTO public.tents VALUES (217, '0101000020E61000001F0F22BEB8AC374021F54B823FBF4140');
INSERT INTO public.tents VALUES (218, '0101000020E6100000714AABE7C5AC374028E6285931BF4140');
INSERT INTO public.tents VALUES (219, '0101000020E6100000264ED5DA87AC3740988D08A533BF4140');
INSERT INTO public.tents VALUES (220, '0101000020E6100000264ED5DA87AC3740093B41721DBF4140');
INSERT INTO public.tents VALUES (221, '0101000020E6100000BEDB7A5580AC3740A1E09CF016BF4140');
INSERT INTO public.tents VALUES (222, '0101000020E6100000253F24747EAC3740C9DE18230EBF4140');
INSERT INTO public.tents VALUES (223, '0101000020E6100000EEED75D697AC374001F45E2909BF4140');
INSERT INTO public.tents VALUES (224, '0101000020E61000000EFF02A4AAAC374021A59F9104BF4140');
INSERT INTO public.tents VALUES (225, '0101000020E6100000D3124CB17AAC37404B822678F9BE4140');
INSERT INTO public.tents VALUES (226, '0101000020E6100000DAC555E1A6AC3740F923779E19BF4140');
INSERT INTO public.tents VALUES (227, '0101000020E6100000497763837DAC37405931E05524BF4140');
INSERT INTO public.tents VALUES (228, '0101000020E6100000F214281884AC3740818561FA3DBF4140');
INSERT INTO public.tents VALUES (229, '0101000020E6100000CBC4E72DA2AC374021F54B823FBF4140');
INSERT INTO public.tents VALUES (230, '0101000020E610000049EBB996DAAC37407938263042BF4140');
INSERT INTO public.tents VALUES (231, '0101000020E6100000129A0BF9F3AC3740818561FA3DBF4140');
INSERT INTO public.tents VALUES (232, '0101000020E6100000229B79ACF8AC374071EBEA6546BF4140');
INSERT INTO public.tents VALUES (233, '0101000020E610000094E78FA318AD374029BFDA8B47BF4140');
INSERT INTO public.tents VALUES (234, '0101000020E61000001005129877AD3740D2D75ED14EBF4140');
INSERT INTO public.tents VALUES (235, '0101000020E61000006E1A57339DAD374012B733E151BF4140');
INSERT INTO public.tents VALUES (236, '0101000020E61000007B03C40BBFAD3740B2261E6953BF4140');
INSERT INTO public.tents VALUES (237, '0101000020E61000004C007AF1B0AD3740A1B3F5A145BF4140');
INSERT INTO public.tents VALUES (238, '0101000020E6100000F48E8D1FAEAD374062307F854CBF4140');
INSERT INTO public.tents VALUES (239, '0101000020E6100000DE4E6C4FDAAD3740EA3B646F4EBF4140');
INSERT INTO public.tents VALUES (240, '0101000020E6100000ED4FDA02DFAD3740A9D9E29E57BF4140');
INSERT INTO public.tents VALUES (241, '0101000020E6100000509B8246FAAD3740CA8A230753BF4140');
INSERT INTO public.tents VALUES (242, '0101000020E610000073C410EFEFAD3740B1CABF7549BF4140');
INSERT INTO public.tents VALUES (243, '0101000020E61000003D73625109AE3740326874494DBF4140');
INSERT INTO public.tents VALUES (244, '0101000020E61000001D62D583F6AD3740310C165643BF4140');
INSERT INTO public.tents VALUES (245, '0101000020E6100000BB25DEA6E4AD37408029030734BF4140');
INSERT INTO public.tents VALUES (246, '0101000020E6100000E2751E91C6AD374089D29CC439BF4140');
INSERT INTO public.tents VALUES (247, '0101000020E6100000DAB363FA90AD3740D1FEAC9E38BF4140');
INSERT INTO public.tents VALUES (248, '0101000020E61000001CDFCD0990AD374021F54B823FBF4140');
INSERT INTO public.tents VALUES (249, '0101000020E61000001005129877AD3740A900316C41BF4140');
INSERT INTO public.tents VALUES (250, '0101000020E610000089812A455DAD3740A900316C41BF4140');
INSERT INTO public.tents VALUES (251, '0101000020E6100000ADB969545CAD3740911FD88E35BF4140');
INSERT INTO public.tents VALUES (252, '0101000020E6100000B0D16A2F3FAD3740E0B9187F32BF4140');
INSERT INTO public.tents VALUES (253, '0101000020E6100000C4F98A2430AD374001C7B7DA37BF4140');
INSERT INTO public.tents VALUES (254, '0101000020E610000071BE01FB22AD3740C85513E132BF4140');
INSERT INTO public.tents VALUES (255, '0101000020E610000089812A455DAD374058AE339530BF4140');
INSERT INTO public.tents VALUES (256, '0101000020E6100000AAA1687979AD3740C08B84D72ABF4140');
INSERT INTO public.tents VALUES (257, '0101000020E61000005A7EE02A4FAD374051BD56BE3EBF4140');
INSERT INTO public.tents VALUES (258, '0101000020E61000008A90DBAB66AD374002A0690D4EBF4140');
INSERT INTO public.tents VALUES (259, '0101000020E61000001E7186EAFFAD374058AE339530BF4140');
INSERT INTO public.tents VALUES (260, '0101000020E6100000308AF578E7AD374031B610E420BF4140');
INSERT INTO public.tents VALUES (261, '0101000020E610000064C3A23BEBAD374009BEED3211BF4140');
INSERT INTO public.tents VALUES (262, '0101000020E6100000E2751E91C6AD374079E220BE1FBF4140');
INSERT INTO public.tents VALUES (263, '0101000020E6100000DAB363FA90AD3740F1D63BD41DBF4140');
INSERT INTO public.tents VALUES (264, '0101000020E6100000A56B05D183AD37403139BDA414BF4140');
INSERT INTO public.tents VALUES (265, '0101000020E6100000A362B55CAAAD3740F1DC945505BF4140');
INSERT INTO public.tents VALUES (266, '0101000020E6100000B89325C674AD374021A59F9104BF4140');
INSERT INTO public.tents VALUES (267, '0101000020E6100000A992B71270AD3740694E03AB0FBF4140');
INSERT INTO public.tents VALUES (268, '0101000020E6100000231E81265FAD374059B48C1618BF4140');
INSERT INTO public.tents VALUES (269, '0101000020E61000007668BBB675AD374019520B4621BF4140');
INSERT INTO public.tents VALUES (270, '0101000020E610000008B7AD149FAD3740E80654492EBF4140');
INSERT INTO public.tents VALUES (271, '0101000020E610000017B81BC8A3AD3740716E97263ABF4140');
INSERT INTO public.tents VALUES (272, '0101000020E61000007F2A764DABAD3740919C2BCE41BF4140');
INSERT INTO public.tents VALUES (273, '0101000020E610000060289AE6A1AD3740E9DF057C44BF4140');
INSERT INTO public.tents VALUES (274, '0101000020E61000001005129877AD374061D4209242BF4140');
INSERT INTO public.tents VALUES (275, '0101000020E6100000ECCCD28878AD3740F9F6CF4F48BF4140');
INSERT INTO public.tents VALUES (276, '0101000020E61000006546AAB551AE3740A1B3F5A145BF4140');
INSERT INTO public.tents VALUES (277, '0101000020E61000009031F3F47CAE374069215C5C3EBF4140');
INSERT INTO public.tents VALUES (278, '0101000020E61000007D09D3FF8BAE374051BD56BE3EBF4140');
INSERT INTO public.tents VALUES (279, '0101000020E61000001EE5DCFD5CAE3740F0538F132ABF4140');
INSERT INTO public.tents VALUES (280, '0101000020E6100000BCA8E5204BAE3740897C975217BF4140');
INSERT INTO public.tents VALUES (281, '0101000020E610000002FB017236AE3740812F5C881BBF4140');
INSERT INTO public.tents VALUES (282, '0101000020E610000054368B9B43AE37405931E05524BF4140');
INSERT INTO public.tents VALUES (283, '0101000020E6100000685EAB9034AE3740E80654492EBF4140');
INSERT INTO public.tents VALUES (284, '0101000020E6100000A0BE0A9524AE3740F81D1E1D32BF4140');
INSERT INTO public.tents VALUES (285, '0101000020E6100000AFBF784829AE374011DE81AE3BBF4140');
INSERT INTO public.tents VALUES (286, '0101000020E6100000595D3DDD2FAE374001440B1A44BF4140');
INSERT INTO public.tents VALUES (287, '0101000020E6100000785F194439AE3740E192CAB148BF4140');
INSERT INTO public.tents VALUES (288, '0101000020E610000054368B9B43AE3740AA5C8F5F4BBF4140');
INSERT INTO public.tents VALUES (289, '0101000020E6100000EBBAE0A162AE3740DAA1EDDA56BF4140');
INSERT INTO public.tents VALUES (290, '0101000020E6100000F1EAE25728AE374043DB9C105BBF4140');
INSERT INTO public.tents VALUES (291, '0101000020E6100000500FD95957AE37405B3FA2AE5ABF4140');
INSERT INTO public.tents VALUES (292, '0101000020E6100000220C8F3F49AE3740C23DE83C57BF4140');
INSERT INTO public.tents VALUES (293, '0101000020E610000002FB017236AE37402B7797725BBF4140');
INSERT INTO public.tents VALUES (294, '0101000020E61000003425FECD30AE37403A32035355BF4140');
INSERT INTO public.tents VALUES (295, '0101000020E61000001B413236D7AE3740534EC5D768BF4140');
INSERT INTO public.tents VALUES (296, '0101000020E6100000E1D782BD0DAF3740932D9AE76BBF4140');
INSERT INTO public.tents VALUES (297, '0101000020E6100000EEC0EF952FAF3740EB7074956EBF4140');
INSERT INTO public.tents VALUES (298, '0101000020E6100000DA98CFA03EAF374003D579336EBF4140');
INSERT INTO public.tents VALUES (299, '0101000020E61000000AABCA2156AF374043DB9C105BBF4140');
INSERT INTO public.tents VALUES (300, '0101000020E6100000D9891E3A35AF37407911D86258BF4140');
INSERT INTO public.tents VALUES (301, '0101000020E61000006216560129AF37401ADD20DE63BF4140');
INSERT INTO public.tents VALUES (302, '0101000020E6100000BA8742D32BAF374063658FAB6CBF4140');
INSERT INTO public.tents VALUES (303, '0101000020E61000002303EDCC0CAF37408A84002A66BF4140');
INSERT INTO public.tents VALUES (304, '0101000020E61000007E8CDA79F2AE37408316D01368BF4140');
INSERT INTO public.tents VALUES (305, '0101000020E6100000D5EE15E5EBAE3740620931B862BF4140');
INSERT INTO public.tents VALUES (306, '0101000020E61000007E8CDA79F2AE374061ADD2C458BF4140');
INSERT INTO public.tents VALUES (307, '0101000020E6100000A1B56822E8AE3740427F3E1D51BF4140');
INSERT INTO public.tents VALUES (308, '0101000020E6100000372B0DC2FDAE37404123E02947BF4140');
INSERT INTO public.tents VALUES (309, '0101000020E6100000272A9F0EF9AE374058AE339530BF4140');
INSERT INTO public.tents VALUES (310, '0101000020E61000005F8AFE12E9AE37406848AA2928BF4140');
INSERT INTO public.tents VALUES (311, '0101000020E61000001B413236D7AE374001EE05A821BF4140');
INSERT INTO public.tents VALUES (312, '0101000020E610000053A1913AC7AE374029EC81DA18BF4140');
INSERT INTO public.tents VALUES (313, '0101000020E6100000542499B42DAF374069D1AF6B03BF4140');
INSERT INTO public.tents VALUES (314, '0101000020E61000009D8EB6E0FBAE3740C376418EF7BE4140');
INSERT INTO public.tents VALUES (315, '0101000020E61000008F1050A75DAF3740219F46101DBF4140');
INSERT INTO public.tents VALUES (316, '0101000020E61000004070CFD299AF374008B894B129BF4140');
INSERT INTO public.tents VALUES (317, '0101000020E6100000015D669E7DAF3740D0A24EAB2EBF4140');
INSERT INTO public.tents VALUES (318, '0101000020E6100000BA8742D32BAF3740711892B417BF4140');
INSERT INTO public.tents VALUES (319, '0101000020E610000010DBCCD71BAF374079BBD2F035BF4140');
INSERT INTO public.tents VALUES (320, '0101000020E61000008D8D482DF7AE374011DE81AE3BBF4140');
INSERT INTO public.tents VALUES (321, '0101000020E6100000A1B56822E8AE3740B99AA70039BF4140');
INSERT INTO public.tents VALUES (322, '0101000020E6100000B5DD8817D9AE374069215C5C3EBF4140');
INSERT INTO public.tents VALUES (323, '0101000020E610000053A1913AC7AE374051BD56BE3EBF4140');
INSERT INTO public.tents VALUES (324, '0101000020E6100000B9043B59C5AE37408029030734BF4140');
INSERT INTO public.tents VALUES (325, '0101000020E6100000106776C4BEAE3740E13CC53F26BF4140');
INSERT INTO public.tents VALUES (326, '0101000020E610000096DBACB0CFAE3740489769C12CBF4140');
INSERT INTO public.tents VALUES (327, '0101000020E610000030780392D1AE374082BA71205EBF4140');
INSERT INTO public.tents VALUES (328, '0101000020E61000002E69522BC8AE3740A2E805C865BF4140');
INSERT INTO public.tents VALUES (329, '0101000020E6100000CB1DAAE7ACAE37403241267C63BF4140');
INSERT INTO public.tents VALUES (330, '0101000020E610000092B4FA6EE3AE3740B0F10D4333BF4140');
INSERT INTO public.tents VALUES (331, '0101000020E61000008F9CF99300AF374063658FAB6CBF4140');
INSERT INTO public.tents VALUES (332, '0101000020E61000001FDC3A8B20AF37408BE05E1D70BF4140');
INSERT INTO public.tents VALUES (333, '0101000020E61000005E07F79882AE3740AA35419261BF4140');
INSERT INTO public.tents VALUES (334, '0101000020E610000088E38E71A4AE3740FAAE8C365CBF4140');
INSERT INTO public.tents VALUES (335, '0101000020E610000026A7979492AE3740AA35419261BF4140');
INSERT INTO public.tents VALUES (336, '0101000020E6100000A141120F8BAE3740529608F154BF4140');
INSERT INTO public.tents VALUES (337, '0101000020E6100000E7932E6076AE37402A1B397F51BF4140');
INSERT INTO public.tents VALUES (338, '0101000020E610000049D0253D88AE37404123E02947BF4140');
INSERT INTO public.tents VALUES (339, '0101000020E610000011881912DEAD3740D8EF89752ABF4140');
INSERT INTO public.tents VALUES (340, '0101000020E6100000021A19A212B0374016830BA283BF4140');
INSERT INTO public.tents VALUES (341, '0101000020E610000051F4440005B0374040ABE53177BF4140');
INSERT INTO public.tents VALUES (342, '0101000020E6100000BC8D51C7F8AF37402B7797725BBF4140');
INSERT INTO public.tents VALUES (343, '0101000020E6100000CFE06BDF0EB03740E192CAB148BF4140');
INSERT INTO public.tents VALUES (344, '0101000020E61000001A69EBD8EFAF37407D209AF539BF4140');
INSERT INTO public.tents VALUES (345, '0101000020E6100000BB44F5D6C0AF37401D90847D3BBF4140');
INSERT INTO public.tents VALUES (346, '0101000020E6100000D393C70D9EAF374021F54B823FBF4140');
INSERT INTO public.tents VALUES (347, '0101000020E610000015BF311D9DAF3740699EAF9B4ABF4140');
INSERT INTO public.tents VALUES (348, '0101000020E61000004D593CABBBAF3740965D51C64FBF4140');
INSERT INTO public.tents VALUES (349, '0101000020E6100000F630ACC9F0AF374005A9D21E48BF4140');
INSERT INTO public.tents VALUES (350, '0101000020E61000008092E96DBFAF37401D0DD8BC47BF4140');
INSERT INTO public.tents VALUES (351, '0101000020E610000069431737E2AF3740CA8A230753BF4140');
INSERT INTO public.tents VALUES (352, '0101000020E6100000B71D4395D4AF3740E653F0A956BF4140');
INSERT INTO public.tents VALUES (353, '0101000020E61000002E576044B2AF3740A9D9E29E57BF4140');
INSERT INTO public.tents VALUES (354, '0101000020E61000009059AC9795AF3740F205F37856BF4140');
INSERT INTO public.tents VALUES (355, '0101000020E6100000CF326A4283AF37406AFA0D8F54BF4140');
INSERT INTO public.tents VALUES (356, '0101000020E6100000BE224B2875AF374043DB9C105BBF4140');
INSERT INTO public.tents VALUES (357, '0101000020E6100000736020A565AF3740FEB7F54756BF4140');
INSERT INTO public.tents VALUES (358, '0101000020E6100000CBD10C7768AF37408E6C74EF5DBF4140');
INSERT INTO public.tents VALUES (359, '0101000020E6100000F99AAB0748AF3740464064155FBF4140');
INSERT INTO public.tents VALUES (360, '0101000020E610000074A97C959DAF37408A84002A66BF4140');
INSERT INTO public.tents VALUES (361, '0101000020E6100000B0A4E4EED6AF37407220FB8B66BF4140');
INSERT INTO public.tents VALUES (362, '0101000020E6100000440BD827E3AF37408BE05E1D70BF4140');
INSERT INTO public.tents VALUES (363, '0101000020E610000060BB072ADBAF374024E2188F73BF4140');
INSERT INTO public.tents VALUES (364, '0101000020E610000074A97C959DAF3740932D9AE76BBF4140');
INSERT INTO public.tents VALUES (365, '0101000020E610000028ADA6885FAF374027EB81A06DBF4140');
INSERT INTO public.tents VALUES (366, '0101000020E61000006CE7C1FE67AF374030941B5E73BF4140');
INSERT INTO public.tents VALUES (367, '0101000020E610000067C00FBD7BAF37401B397FD16DBF4140');
INSERT INTO public.tents VALUES (368, '0101000020E6100000348762FA77AF37407ED2FD5A66BF4140');
INSERT INTO public.tents VALUES (369, '0101000020E6100000E6BBE7028FAF3740E6AF4E9D60BF4140');
INSERT INTO public.tents VALUES (370, '0101000020E61000002E576044B2AF3740F261516C60BF4140');
INSERT INTO public.tents VALUES (371, '0101000020E6100000C3CC04E4C7AF3740FE13543B60BF4140');
INSERT INTO public.tents VALUES (372, '0101000020E61000005942A983DDAF3740222A5CA85FBF4140');
INSERT INTO public.tents VALUES (373, '0101000020E61000003D927981E5AF37406EBB338762BF4140');
INSERT INTO public.tents VALUES (374, '0101000020E6100000CB7F0E14F4AF3740DB59AAC16ABF4140');
INSERT INTO public.tents VALUES (375, '0101000020E61000003A7A78A602B0374052F266E45EBF4140');
INSERT INTO public.tents VALUES (376, '0101000020E6100000697DC2C010B03740CEEFEA0B57BF4140');
INSERT INTO public.tents VALUES (377, '0101000020E6100000132A38BC20B037407A9484234CBF4140');
INSERT INTO public.tents VALUES (378, '0101000020E61000006A8C73271AB03740919C2BCE41BF4140');
INSERT INTO public.tents VALUES (379, '0101000020E61000005DA3064FF8AF3740395951203FBF4140');
INSERT INTO public.tents VALUES (380, '0101000020E6100000DEA72E09E5AF37408D3764C93DBF4140');
INSERT INTO public.tents VALUES (381, '0101000020E61000000E807E00CEAF37403DBE182543BF4140');
INSERT INTO public.tents VALUES (382, '0101000020E6100000E2CEE04AD1AF37404ACC79E74CBF4140');
INSERT INTO public.tents VALUES (383, '0101000020E6100000F630ACC9F0AF374036CD3B4E51BF4140');
INSERT INTO public.tents VALUES (384, '0101000020E610000051F4440005B037408E1016FC53BF4140');
INSERT INTO public.tents VALUES (385, '0101000020E6100000662B165CFFAF3740699EAF9B4ABF4140');
INSERT INTO public.tents VALUES (386, '0101000020E610000090935721C4AF3740479CC20869BF4140');
INSERT INTO public.tents VALUES (387, '0101000020E6100000EB1C45CEA9AF3740EB7074956EBF4140');
INSERT INTO public.tents VALUES (388, '0101000020E61000000D37221096AF374084722E0772BF4140');
INSERT INTO public.tents VALUES (389, '0101000020E6100000F25BF8EA78AF3740ACEDFD7875BF4140');
INSERT INTO public.tents VALUES (390, '0101000020E6100000FA1DB381AEAF3740C8B6CA1B79BF4140');
INSERT INTO public.tents VALUES (391, '0101000020E610000012A73042BAAF3740ACEDFD7875BF4140');
INSERT INTO public.tents VALUES (392, '0101000020E6100000981B672ECBAF3740CDFA9CD47ABF4140');
INSERT INTO public.tents VALUES (393, '0101000020E61000005DA3064FF8AF3740A9E494677BBF4140');
INSERT INTO public.tents VALUES (394, '0101000020E6100000551BF741F1AF3740AD495C6C7FBF4140');
INSERT INTO public.tents VALUES (395, '0101000020E6100000B82CF4FBDDAF3740808ABA417ABF4140');
INSERT INTO public.tents VALUES (396, '0101000020E610000090CD02ABF2AF37407C25F33C76BF4140');
INSERT INTO public.tents VALUES (397, '0101000020E6100000B0DE8F7805B0374071CF4E6180BF4140');
INSERT INTO public.tents VALUES (398, '0101000020E610000041F3D64C00B037404F66511271BF4140');
INSERT INTO public.tents VALUES (399, '0101000020E6100000F73F5D30FAAF37400F877C026EBF4140');
INSERT INTO public.tents VALUES (400, '0101000020E6100000451A898EECAF37404F66511271BF4140');
INSERT INTO public.tents VALUES (401, '0101000020E610000036191BDBE7AF3740DCB508B574BF4140');
INSERT INTO public.tents VALUES (402, '0101000020E6100000451A898EECAF374049547FEF7CBF4140');
INSERT INTO public.tents VALUES (403, '0101000020E610000069431737E2AF3740D15F64D97EBF4140');
INSERT INTO public.tents VALUES (404, '0101000020E61000004D1F91218DAF3740A4A0C2AE79BF4140');
INSERT INTO public.tents VALUES (405, '0101000020E610000058F94C93A5AF3740C1489A057BBF4140');
INSERT INTO public.tents VALUES (406, '0101000020E610000016CEE283A6AF3740C451031775BF4140');
INSERT INTO public.tents VALUES (407, '0101000020E6100000C2BD537DBEAF374054AA23CB72BF4140');
INSERT INTO public.tents VALUES (408, '0101000020E610000074E3271FCCAF374027EB81A06DBF4140');
INSERT INTO public.tents VALUES (409, '0101000020E6100000EB1C45CEA9AF374022CEFDB455BF4140');
INSERT INTO public.tents VALUES (410, '0101000020E610000087D19C8A8EAF374092F889C14BBF4140');
INSERT INTO public.tents VALUES (411, '0101000020E61000002D48AFDDA8AF3740CD1639D940BF4140');
INSERT INTO public.tents VALUES (412, '0101000020E61000009BF9BC7F7FAF374011DE81AE3BBF4140');
INSERT INTO public.tents VALUES (413, '0101000020E6100000434E25244EAF37406D86236142BF4140');
INSERT INTO public.tents VALUES (414, '0101000020E6100000C670AFAB4DAF3740BA4C0B6665BF4140');
INSERT INTO public.tents VALUES (415, '0101000020E6100000AAC07FA955AF374084722E0772BF4140');
INSERT INTO public.tents VALUES (416, '0101000020E6100000F1129CFA40AF3740605C269A72BF4140');
INSERT INTO public.tents VALUES (417, '0101000020E6100000A0F8B51E53AE3740593739D70BBF4140');
INSERT INTO public.tents VALUES (418, '0101000020E610000050D52DD028AE374083976C7EF4BE4140');
INSERT INTO public.tents VALUES (419, '0101000020E6100000928C41CCCAAD3740B917FB3F45BF4140');
INSERT INTO public.tents VALUES (420, '0101000020E610000044B2156ED8AD374095849F9339BF4140');
INSERT INTO public.tents VALUES (421, '0101000020E6100000366E5ABE68AE374011887C3C19BF4140');
INSERT INTO public.tents VALUES (422, '0101000020E610000030C4A00216AE3740CDC033671EBF4140');
INSERT INTO public.tents VALUES (423, '0101000020E61000000A4966F50EAE3740AC8C463E2FBF4140');
INSERT INTO public.tents VALUES (424, '0101000020E6100000B3E62A8A15AE3740ADE8A43139BF4140');
INSERT INTO public.tents VALUES (425, '0101000020E61000005714E1ECF7AD3740DDB0AF6D38BF4140');
INSERT INTO public.tents VALUES (426, '0101000020E610000060624570D0AD37406EE281544CBF4140');
INSERT INTO public.tents VALUES (427, '0101000020E6100000C6C5EE8ECEAD37408E1016FC53BF4140');
INSERT INTO public.tents VALUES (428, '0101000020E61000008E2BE400B0AD37409AC218CB53BF4140');
INSERT INTO public.tents VALUES (429, '0101000020E6100000378FFD0B88AD37404E3141EC50BF4140');
INSERT INTO public.tents VALUES (430, '0101000020E6100000489F1C2696AD3740351BD8E824BF4140');
INSERT INTO public.tents VALUES (431, '0101000020E610000044786AE4A9AD3740BD26BDD226BF4140');
INSERT INTO public.tents VALUES (432, '0101000020E6100000B5B5CF74C0AD3740489769C12CBF4140');
INSERT INTO public.tents VALUES (433, '0101000020E61000001744C5B446AD374079E220BE1FBF4140');
INSERT INTO public.tents VALUES (434, '0101000020E61000003F94059F28AD3740CD43E02712BF4140');
INSERT INTO public.tents VALUES (435, '0101000020E610000085E621F013AD37400171B26815BF4140');
INSERT INTO public.tents VALUES (436, '0101000020E6100000D3C04D4E06AD3740093B41721DBF4140');
INSERT INTO public.tents VALUES (437, '0101000020E61000007E6DC34916AD3740351BD8E824BF4140');
INSERT INTO public.tents VALUES (438, '0101000020E6100000B1A6700C1AAD3740A59B69673DBF4140');
INSERT INTO public.tents VALUES (439, '0101000020E610000013E367E92BAD374085EA28FF41BF4140');
INSERT INTO public.tents VALUES (440, '0101000020E6100000C92FEECC25AD3740E192CAB148BF4140');
INSERT INTO public.tents VALUES (441, '0101000020E61000006EA6002040AD3740EA3B646F4EBF4140');
INSERT INTO public.tents VALUES (442, '0101000020E61000008DA8DC8649AD3740567E7CB64CBF4140');
INSERT INTO public.tents VALUES (443, '0101000020E610000052F6D01D48AD3740310C165643BF4140');
INSERT INTO public.tents VALUES (444, '0101000020E6100000AD7FBECA2DAD37404588A72E4BBF4140');
INSERT INTO public.tents VALUES (445, '0101000020E61000006BE33E28DEAB3740D34E6ABBCBBE4140');
INSERT INTO public.tents VALUES (446, '0101000020E61000003B0BEF30F5AB3740CA22243DD2BE4140');
INSERT INTO public.tents VALUES (447, '0101000020E610000028E3CE3B04AC37403503850FDFBE4140');
INSERT INTO public.tents VALUES (448, '0101000020E6100000B596B844E4AB374078472124E6BE4140');
INSERT INTO public.tents VALUES (449, '0101000020E610000095852B77D1AB37409331E312ECBE4140');
INSERT INTO public.tents VALUES (450, '0101000020E6100000D0FD8B56A4AB3740AFFAAFB5EFBE4140');
INSERT INTO public.tents VALUES (451, '0101000020E6100000F3261AFF99AB3740D7757F27F3BE4140');
INSERT INTO public.tents VALUES (452, '0101000020E61000002FAE2B4576AB37400B26FE28EABE4140');
INSERT INTO public.tents VALUES (453, '0101000020E6100000DFC44E807AAB37400D88B59DDBBE4140');
INSERT INTO public.tents VALUES (454, '0101000020E6100000F4FB1FDC74AB3740DA39EE10D6BE4140');
INSERT INTO public.tents VALUES (455, '0101000020E6100000EFC5BC337FAB3740F7647228CBBE4140');
INSERT INTO public.tents VALUES (456, '0101000020E6100000954B80EDA2AB3740E28629DBD1BE4140');
INSERT INTO public.tents VALUES (457, '0101000020E61000007222F244ADAB3740EDD67435E0BE4140');
INSERT INTO public.tents VALUES (458, '0101000020E61000002660C7C19DAB374090AB26C2E5BE4140');
INSERT INTO public.tents VALUES (459, '0101000020E6100000563817B986AB3740C07331FEE4BE4140');
INSERT INTO public.tents VALUES (460, '0101000020E61000008862131581AB3740F9887704E0BE4140');
INSERT INTO public.tents VALUES (461, '0101000020E61000006539856C8BAB374053CF6142F5BE4140');
INSERT INTO public.tents VALUES (462, '0101000020E610000081E9B46E83AB3740BB2906C4FBBE4140');
INSERT INTO public.tents VALUES (463, '0101000020E6100000BFB3C1B267AB3740C7DB0893FBBE4140');
INSERT INTO public.tents VALUES (464, '0101000020E61000000F9D9E7763AB3740A54BBD7602BF4140');
INSERT INTO public.tents VALUES (465, '0101000020E6100000C088C78F42AB3740914C7FDD06BF4140');
INSERT INTO public.tents VALUES (466, '0101000020E61000006C7838895AAB3740D9F5E2F611BF4140');
INSERT INTO public.tents VALUES (467, '0101000020E610000051AD742D10AD37402BD1E50FFEBE4140');
INSERT INTO public.tents VALUES (468, '0101000020E6100000229B79ACF8AC374065CB8F4BDEBE4140');
INSERT INTO public.tents VALUES (469, '0101000020E61000006D23F9A5D9AC374047DEBDCCC5BE4140');
INSERT INTO public.tents VALUES (470, '0101000020E6100000B37515F7C4AC3740AAAF956DB3BE4140');
INSERT INTO public.tents VALUES (471, '0101000020E6100000DAC555E1A6AC37403BE7C0D5AEBE4140');
INSERT INTO public.tents VALUES (472, '0101000020E6100000497763837DAC3740F179EED2C0BE4140');
INSERT INTO public.tents VALUES (473, '0101000020E61000003440922783AC374045130754A8BE4140');
INSERT INTO public.tents VALUES (474, '0101000020E610000078895E0495AC37405F42C36AC5BE4140');
INSERT INTO public.tents VALUES (475, '0101000020E6100000D69EA39FBAAC374009DEF370C0BE4140');
INSERT INTO public.tents VALUES (476, '0101000020E61000001005129877AD3740DB56AB5DB0BE4140');
INSERT INTO public.tents VALUES (477, '0101000020E61000007668BBB675AD374057F587A0C9BE4140');
INSERT INTO public.tents VALUES (478, '0101000020E6100000F41A370C51AD3740E74DA854C7BE4140');
INSERT INTO public.tents VALUES (479, '0101000020E6100000A2DFADE243AD3740CE87EB41D6BE4140');
INSERT INTO public.tents VALUES (480, '0101000020E6100000AAA1687979AD37401D9F7F71DFBE4140');
INSERT INTO public.tents VALUES (481, '0101000020E610000072CDB2612CAD3740CC2534CDE4BE4140');
INSERT INTO public.tents VALUES (482, '0101000020E61000008A90DBAB66AD374033A1CD9AEDBE4140');
INSERT INTO public.tents VALUES (483, '0101000020E6100000E1666D2ABDAD3740D915E934C1BE4140');
INSERT INTO public.tents VALUES (484, '0101000020E610000054C23488E6AD37404D678AADDEBE4140');
INSERT INTO public.tents VALUES (485, '0101000020E6100000D70FB9320BAE37403A08B621B1BE4140');
INSERT INTO public.tents VALUES (486, '0101000020E610000039D859FCBFAD37404334FC9FAABE4140');
INSERT INTO public.tents VALUES (487, '0101000020E61000004B7D72774AAD3740DDB862D2A1BE4140');
INSERT INTO public.tents VALUES (488, '0101000020E6100000BF5E82CFE6AC374075DB1190A7BE4140');
INSERT INTO public.tents VALUES (489, '0101000020E610000042AC067A0BAD37401A5775B9B5BE4140');
INSERT INTO public.tents VALUES (490, '0101000020E61000002E84E6841AAD3740BC2817B6A8BE4140');
INSERT INTO public.tents VALUES (491, '0101000020E61000005FA5926C3BAD3740729A4F67B8BE4140');
INSERT INTO public.tents VALUES (492, '0101000020E6100000AC3662DAF5AC374091E9D85AC2BE4140');
INSERT INTO public.tents VALUES (493, '0101000020E6100000B05D141CE2AC3740069D3148D1BE4140');
INSERT INTO public.tents VALUES (494, '0101000020E6100000C4853411D3AC37402E1801BAD4BE4140');
INSERT INTO public.tents VALUES (495, '0101000020E6100000989AEBD1A7AC374084F923F3E5BE4140');
INSERT INTO public.tents VALUES (496, '0101000020E6100000354F438E8CAC374084F923F3E5BE4140');
INSERT INTO public.tents VALUES (497, '0101000020E6100000ABB35A608FAC3740D6D4260CD2BE4140');
INSERT INTO public.tents VALUES (498, '0101000020E61000008FC97FD468AC3740662D47C0CFBE4140');
INSERT INTO public.tents VALUES (499, '0101000020E610000001A23FB82BAC3740AF38624ECCBE4140');
INSERT INTO public.tents VALUES (500, '0101000020E61000005FB7845351AC374025ECBA3BDBBE4140');
INSERT INTO public.tents VALUES (501, '0101000020E61000002D8D88F756AC37408BE4A748F0BE4140');
INSERT INTO public.tents VALUES (502, '0101000020E6100000B2F20D7D5EAC3740A94DDEF8C1BE4140');
INSERT INTO public.tents VALUES (503, '0101000020E6100000F953DB3453AC37403A08B621B1BE4140');
INSERT INTO public.tents VALUES (504, '0101000020E610000093F0311655AC374043B8976EF1BE4140');
INSERT INTO public.tents VALUES (505, '0101000020E610000045DC5A2E34AC3740534BC673AEBE4140');
INSERT INTO public.tents VALUES (506, '0101000020E6100000FD7A8D763FAC3740E16224FFBCBE4140');
INSERT INTO public.tents VALUES (507, '0101000020E6100000D28F443714AC37407AE78A31B4BE4140');
INSERT INTO public.tents VALUES (508, '0101000020E61000005B1C7CFE07AC3740F7647228CBBE4140');
INSERT INTO public.tents VALUES (509, '0101000020E610000014BBAE4613AC37403E2FCB8DD8BE4140');
INSERT INTO public.tents VALUES (510, '0101000020E610000031B43A3943AC37403CCD1319E7BE4140');
INSERT INTO public.tents VALUES (511, '0101000020E610000063DE36953DAC37407380A2AAF0BE4140');
INSERT INTO public.tents VALUES (512, '0101000020E610000093F0311655AC3740A3C50026FCBE4140');
INSERT INTO public.tents VALUES (513, '0101000020E61000004868B21C74AC37408D465FBDE1BE4140');
INSERT INTO public.tents VALUES (514, '0101000020E6100000904C874ECFAC374023075706F6BE4140');
INSERT INTO public.tents VALUES (515, '0101000020E6100000E06F0F9DF9AC3740DB5DF3ECEABE4140');
INSERT INTO public.tents VALUES (516, '0101000020E610000082CE201531AD37401BBA1B3CFABE4140');
INSERT INTO public.tents VALUES (517, '0101000020E6100000596F2FC445AD3740B4C12E2FE5BE4140');
INSERT INTO public.tents VALUES (518, '0101000020E610000024A188A0C5AD37400B26FE28EABE4140');
INSERT INTO public.tents VALUES (519, '0101000020E610000098FC4FFEEEAD374033A1CD9AEDBE4140');
INSERT INTO public.tents VALUES (520, '0101000020E61000008448861C5BAE3740DBDA462CF7BE4140');
INSERT INTO public.tents VALUES (521, '0101000020E61000008130854178AE37409C5D2991E5BE4140');
INSERT INTO public.tents VALUES (522, '0101000020E61000008557378364AE3740AE59579ACEBE4140');
INSERT INTO public.tents VALUES (523, '0101000020E61000009B88A7EC2EAE374008FFE8BCC2BE4140');
INSERT INTO public.tents VALUES (524, '0101000020E610000083C57EA2F4AD374057F587A0C9BE4140');
INSERT INTO public.tents VALUES (525, '0101000020E6100000193B23420AAE37408EA81632D3BE4140');
INSERT INTO public.tents VALUES (526, '0101000020E61000001A4AD4A813AE37402CB64945E3BE4140');
INSERT INTO public.tents VALUES (527, '0101000020E6100000D50008CC01AE37409BFB711CF4BE4140');
INSERT INTO public.tents VALUES (528, '0101000020E610000053B38321DDAD37402BD1E50FFEBE4140');
INSERT INTO public.tents VALUES (529, '0101000020E610000084D42F09FEAD3740A9B0847B06BF4140');
INSERT INTO public.tents VALUES (530, '0101000020E6100000FB2FA568C4AE37403CCD1319E7BE4140');
INSERT INTO public.tents VALUES (531, '0101000020E61000004B62DE1DF8AE3740A92DD8BA12BF4140');
INSERT INTO public.tents VALUES (532, '0101000020E6100000E1D782BD0DAF3740F1D63BD41DBF4140');
INSERT INTO public.tents VALUES (533, '0101000020E6100000663D084315AF374063E62B16F9BE4140');
INSERT INTO public.tents VALUES (534, '0101000020E6100000FB2FA568C4AE374093AE3652F8BE4140');
INSERT INTO public.tents VALUES (535, '0101000020E6100000F817A48DE1AE3740618474A107BF4140');
INSERT INTO public.tents VALUES (536, '0101000020E6100000CCA0B16113AF3740D9788FB705BF4140');
INSERT INTO public.tents VALUES (537, '0101000020E6100000FB2FA568C4AE3740694E03AB0FBF4140');
INSERT INTO public.tents VALUES (538, '0101000020E6100000AC1BCE80A3AE3740B944A28E16BF4140');
INSERT INTO public.tents VALUES (539, '0101000020E61000004ADFD6A391AE3740617E1B2020BF4140');
INSERT INTO public.tents VALUES (540, '0101000020E610000045A973FB9BAE3740A9B0847B06BF4140');
INSERT INTO public.tents VALUES (541, '0101000020E6100000E36C7C1E8AAE3740AB123CF0F7BE4140');
INSERT INTO public.tents VALUES (542, '0101000020E610000069E1B20A9BAE374033A1CD9AEDBE4140');
INSERT INTO public.tents VALUES (543, '0101000020E6100000037E09EC9CAE3740A5AA645BE1BE4140');


--
-- TOC entry 3941 (class 0 OID 27262)
-- Dependencies: 213
-- Data for Name: user_location; Type: TABLE DATA; Schema: public; Owner: postgres
--

INSERT INTO public.user_location VALUES (1, '0101000020E61000009C35785F95AF3740E0F3C308E1BF4140');


--
-- TOC entry 3967 (class 0 OID 0)
-- Dependencies: 218
-- Name: events_id_seq; Type: SEQUENCE SET; Schema: public; Owner: postgres
--

SELECT pg_catalog.setval('public.events_id_seq', 1, false);


--
-- TOC entry 3968 (class 0 OID 0)
-- Dependencies: 206
-- Name: festival_area_id_seq; Type: SEQUENCE SET; Schema: public; Owner: postgres
--

SELECT pg_catalog.setval('public.festival_area_id_seq', 1, false);


--
-- TOC entry 3969 (class 0 OID 0)
-- Dependencies: 210
-- Name: food_areas_id_seq; Type: SEQUENCE SET; Schema: public; Owner: postgres
--

SELECT pg_catalog.setval('public.food_areas_id_seq', 1, false);


--
-- TOC entry 3970 (class 0 OID 0)
-- Dependencies: 208
-- Name: food_stalls_id_seq; Type: SEQUENCE SET; Schema: public; Owner: postgres
--

SELECT pg_catalog.setval('public.food_stalls_id_seq', 1, false);


--
-- TOC entry 3971 (class 0 OID 0)
-- Dependencies: 214
-- Name: performers_id_seq; Type: SEQUENCE SET; Schema: public; Owner: postgres
--

SELECT pg_catalog.setval('public.performers_id_seq', 1, false);


--
-- TOC entry 3972 (class 0 OID 0)
-- Dependencies: 216
-- Name: stages_id_seq; Type: SEQUENCE SET; Schema: public; Owner: postgres
--

SELECT pg_catalog.setval('public.stages_id_seq', 1, false);


--
-- TOC entry 3973 (class 0 OID 0)
-- Dependencies: 220
-- Name: tent_zones_id_seq; Type: SEQUENCE SET; Schema: public; Owner: postgres
--

SELECT pg_catalog.setval('public.tent_zones_id_seq', 1, false);


--
-- TOC entry 3974 (class 0 OID 0)
-- Dependencies: 222
-- Name: tents_id_seq; Type: SEQUENCE SET; Schema: public; Owner: postgres
--

SELECT pg_catalog.setval('public.tents_id_seq', 1, false);


--
-- TOC entry 3975 (class 0 OID 0)
-- Dependencies: 212
-- Name: user_location_id_seq; Type: SEQUENCE SET; Schema: public; Owner: postgres
--

SELECT pg_catalog.setval('public.user_location_id_seq', 1, false);


--
-- TOC entry 3792 (class 2606 OID 27295)
-- Name: events events_pkey; Type: CONSTRAINT; Schema: public; Owner: postgres
--

ALTER TABLE ONLY public.events
    ADD CONSTRAINT events_pkey PRIMARY KEY (id);


--
-- TOC entry 3782 (class 2606 OID 27237)
-- Name: festival_area festival_area_pkey; Type: CONSTRAINT; Schema: public; Owner: postgres
--

ALTER TABLE ONLY public.festival_area
    ADD CONSTRAINT festival_area_pkey PRIMARY KEY (id);


--
-- TOC entry 3786 (class 2606 OID 27259)
-- Name: food_areas food_areas_pkey; Type: CONSTRAINT; Schema: public; Owner: postgres
--

ALTER TABLE ONLY public.food_areas
    ADD CONSTRAINT food_areas_pkey PRIMARY KEY (id);


--
-- TOC entry 3784 (class 2606 OID 27248)
-- Name: food_stalls food_stalls_pkey; Type: CONSTRAINT; Schema: public; Owner: postgres
--

ALTER TABLE ONLY public.food_stalls
    ADD CONSTRAINT food_stalls_pkey PRIMARY KEY (id);


--
-- TOC entry 3788 (class 2606 OID 27276)
-- Name: performers performers_pkey; Type: CONSTRAINT; Schema: public; Owner: postgres
--

ALTER TABLE ONLY public.performers
    ADD CONSTRAINT performers_pkey PRIMARY KEY (id);


--
-- TOC entry 3790 (class 2606 OID 27287)
-- Name: stages stages_pkey; Type: CONSTRAINT; Schema: public; Owner: postgres
--

ALTER TABLE ONLY public.stages
    ADD CONSTRAINT stages_pkey PRIMARY KEY (id);


--
-- TOC entry 3794 (class 2606 OID 27316)
-- Name: tent_zones tent_zones_pkey; Type: CONSTRAINT; Schema: public; Owner: postgres
--

ALTER TABLE ONLY public.tent_zones
    ADD CONSTRAINT tent_zones_pkey PRIMARY KEY (id);


--
-- TOC entry 3796 (class 2606 OID 27327)
-- Name: tents tents_pkey; Type: CONSTRAINT; Schema: public; Owner: postgres
--

ALTER TABLE ONLY public.tents
    ADD CONSTRAINT tents_pkey PRIMARY KEY (id);


--
-- TOC entry 3798 (class 2606 OID 27301)
-- Name: events events_performer_id_fkey; Type: FK CONSTRAINT; Schema: public; Owner: postgres
--

ALTER TABLE ONLY public.events
    ADD CONSTRAINT events_performer_id_fkey FOREIGN KEY (performer_id) REFERENCES public.performers(id);


--
-- TOC entry 3797 (class 2606 OID 27296)
-- Name: events events_stage_id_fkey; Type: FK CONSTRAINT; Schema: public; Owner: postgres
--

ALTER TABLE ONLY public.events
    ADD CONSTRAINT events_stage_id_fkey FOREIGN KEY (stage_id) REFERENCES public.stages(id);


-- Completed on 2022-03-04 21:06:24

--
-- PostgreSQL database dump complete
--

